{
  "model_type": "numpy_ridge_sequence_predictor",
  "history_points": 6,
  "future_offsets_s": [
    600.0,
    1200.0
  ],
  "feature_mean": [
    -606.840245005484,
    -250.38812336267236,
    9.933833438258999,
    0.02885899336513773,
    0.02592092381394646,
    -183016.58598006453,
    -443.6126441130722,
    -166.2723178356418,
    9.922723108000678,
    0.023431535595100965,
    0.021484998748767237,
    -146413.26878405162,
    -301.69820152546174,
    -98.84079185870766,
    9.90896647025476,
    0.017794359875775434,
    0.016626542388401673,
    -109809.95158803872,
    -180.5607656921617,
    -48.879218433623016,
    9.895106293296553,
    0.012255467827220477,
    0.01183226637420915,
    -73206.63439202581,
    -80.05943850164901,
    -16.009993888144763,
    9.882308656438564,
    0.006838751919613888,
    0.007004950974358278,
    -36603.317196012904,
    0.0,
    0.0,
    9.87065460908924,
    0.0015408829703643175,
    0.002030513349276465,
    0.0
  ],
  "feature_std": [
    11687.125164505018,
    18598.9130251756,
    4.388644837152325,
    0.5957993300069623,
    0.8021960000983788,
    1907362.939241067,
    9895.535610200086,
    15807.70860106322,
    4.388332209336757,
    0.5954622051421715,
    0.8027540845213036,
    1707516.2256909672,
    8039.583043480421,
    12921.256618783576,
    4.387316495531408,
    0.5953956038099334,
    0.8030635054642862,
    1480066.708729826,
    6082.907000115439,
    9871.92092167035,
    4.385002733511462,
    0.595301376902469,
    0.8033218978957303,
    1209541.5602167333,
    3914.5060688851527,
    6457.436152615773,
    4.381904134973118,
    0.5952035672263987,
    0.8035153238706583,
    856032.4945905996,
    1.0,
    1.0,
    4.378847663336731,
    0.5951497205938854,
    0.8036107968240843,
    1.0
  ],
  "weights": [
    [
      -24.323305095074737,
      -18.03974080517849,
      -77.24326925641329,
      -54.60458404076119
    ],
    [
      55.09478852791403,
      1.1914428627987592,
      162.14262478074625,
      -3.7374212127669333
    ],
    [
      41.43238429468059,
      3.5046487780024553,
      113.05639851984951,
      14.259361760223209
    ],
    [
      -0.07321678703386512,
      13.812777130794304,
      -2.9385254519723674,
      24.187196820501107
    ],
    [
      -6.688440031444491,
      0.039161417477131984,
      -9.016748557520472,
      1.7132198266330954
    ],
    [
      -0.5145255298579187,
      -7.706232344487632,
      -2.0260888563078545,
      -7.385649415294559
    ],
    [
      -8.283812221374681,
      -4.285480561072827,
      -20.84567488689277,
      -6.40765019920263
    ],
    [
      -28.939274819587233,
      4.0878140459078285,
      -61.70592759247246,
      14.821544726951593
    ],
    [
      -21.666819520948586,
      10.550178253346013,
      -36.26949603501179,
      16.580388792516974
    ],
    [
      20.919572809942323,
      -31.248961490339482,
      48.301526099785754,
      -60.205318514999824
    ],
    [
      4.8516119350275195,
      -11.556728873977775,
      15.501557165253725,
      -27.52844926993856
    ],
    [
      1.1100828035465533,
      -5.854023950129737,
      0.49625748597225927,
      -8.770840920746636
    ],
    [
      0.11727091392406161,
      1.9798298448187885,
      -6.073153815191173,
      -3.166879117568735
    ],
    [
      12.369508504194364,
      -4.33242080721125,
      0.7132722328807382,
      -6.335959021331242
    ],
    [
      6.725687943175196,
      1.318008620676753,
      -5.6048988955415675,
      9.82971426387303
    ],
    [
      -4.071988983327386,
      27.495081859512464,
      16.829272921075873,
      34.000111132066216
    ],
    [
      -13.683825119763684,
      4.820044757464486,
      -12.183796042569359,
      -0.22556247289419218
    ],
    [
      -11.559477729639838,
      -50.90295406195607,
      -27.396545524470838,
      -99.53081902026717
    ],
    [
      2.549258057761651,
      2.7903173621694246,
      4.852964840180803,
      5.9050785210536265
    ],
    [
      25.36515791947514,
      0.6827121594882328,
      56.23510190577779,
      -3.094007554076408
    ],
    [
      7.348073443719537,
      -0.4884805275595688,
      16.0351585225354,
      -2.295337864421319
    ],
    [
      0.7863896574313455,
      -18.052643045832237,
      -19.971065838792697,
      -8.690395497629133
    ],
    [
      -82.56236141351839,
      7.444139225046183,
      -161.4316848284537,
      14.468780877327045
    ],
    [
      -10.591683386078333,
      -69.64741410024097,
      -30.85489083792364,
      -145.23474920180757
    ],
    [
      16.18150214279554,
      3.1837289011300713,
      33.75095219169262,
      7.003087355671309
    ],
    [
      -6.222440816066079,
      21.282679592448645,
      -1.269250360101184,
      42.47620174806834
    ],
    [
      -33.06927661962941,
      47.71276114318726,
      -63.75860276976768,
      93.11047729074302
    ],
    [
      -141.7775530587019,
      -69.76241721110831,
      -300.60727097886036,
      -176.11438043515093
    ],
    [
      -206.145471448329,
      -1.9276966170416998,
      -439.0273554492072,
      1.8496682319363247
    ],
    [
      -4.518198808356565,
      -220.31603273460203,
      -16.32380265914439,
      -440.0421567317439
    ],
    [
      -31.088470343292226,
      -24.9980061759937,
      -53.42248080044035,
      -49.826378774053424
    ],
    [
      -1.364209217739745e-09,
      1.0578525444549858e-08,
      -2.863176262818336e-09,
      2.0689898511132082e-08
    ],
    [
      2.338752613349988e-09,
      4.1632300351606965e-08,
      5.457125449319292e-09,
      8.016733048106521e-08
    ],
    [
      111.54403143967308,
      67.17359813181604,
      214.92092177155348,
      152.06304685697214
    ],
    [
      279.3236864707025,
      5.244763616501765,
      500.9021147485754,
      10.126520860554901
    ],
    [
      15.492638139162077,
      356.59091706964887,
      44.648335117478375,
      674.8309273655507
    ],
    [
      0.0,
      0.0,
      0.0,
      0.0
    ]
  ],
  "ridge": 0.01,
  "feature_schema": "relative_xy_m + speed + heading_sin_cos + time_delta",
  "target_schema": "future_relative_xy_m_residual_over_constant_velocity",
  "base_predictor": "constant_velocity",
  "safety_boundary": "Trajectory prediction only; no weapon control or engagement advice."
}
