{
  "model_type": "numpy_ridge_sequence_predictor",
  "history_points": 3,
  "future_offsets_s": [
    10.0,
    20.0,
    30.0,
    60.0
  ],
  "feature_mean": [
    276.58805763390137,
    -43.38625641026785,
    158.48730015082936,
    -0.0592582011125409,
    0.03551860284641609,
    -16.547511312217196,
    253.68025695541064,
    -57.1039698341085,
    158.4722624434387,
    -0.06035806562195523,
    0.03599807229492173,
    -15.512820512820513,
    0.0,
    0.0,
    158.26283559577666,
    -0.05271029443853353,
    0.02839112961602063,
    0.0
  ],
  "feature_std": [
    3091.778414288622,
    2001.6827514446945,
    78.07601025781662,
    0.7375318473119076,
    0.6717690590176276,
    13.72275874898164,
    3019.436673407636,
    1901.2078967024008,
    78.09262579545819,
    0.7376614664614634,
    0.6715032416923604,
    13.858237283717784,
    1.0,
    1.0,
    78.24367186830196,
    0.7434929213716335,
    0.6660584392450888,
    1.0
  ],
  "weights": [
    [
      -31.453160506838696,
      28.395915992815823,
      83.07938399666575,
      0.29231464024517784,
      20.251906048793554,
      -12.179473741005117,
      78.94012326597922,
      -36.06181927685475
    ],
    [
      -3601.6995409243655,
      826.0319914845716,
      -134.3095206356336,
      678.9083948659395,
      -4603.140794412484,
      1820.934626402855,
      -4232.327994402354,
      1940.8122640768645
    ],
    [
      573.0705999031982,
      -702.906656313858,
      371.28005527502137,
      184.96446640611254,
      835.980509838556,
      -1367.1339629539184,
      848.9608209546291,
      -1222.7317653639527
    ],
    [
      -2096.994675456148,
      2349.5534920401865,
      -1652.1329784149757,
      917.4559033190201,
      -3822.98427774434,
      2628.5869003336184,
      -5156.21622648998,
      2161.161726853813
    ],
    [
      -46.007444654168054,
      -857.0217700752241,
      -636.3508722578716,
      -509.65721326599424,
      -1405.2425477330237,
      -449.3444413989428,
      -2059.900959916046,
      1010.0214899432206
    ],
    [
      2324.1229952548056,
      -331.22908590084114,
      901.8885421026853,
      -53.4865593038995,
      4564.154688545487,
      -1988.5960422126836,
      5513.0788933609965,
      -3260.9522080233583
    ],
    [
      176.1653606989208,
      -598.9976064688101,
      779.7348342126772,
      -187.63965508469806,
      406.13752907462083,
      -384.4387127683542,
      1179.6419778088753,
      -476.4011338191464
    ],
    [
      3405.605063805288,
      -889.6618817538931,
      448.6637258470765,
      -722.2559342497888,
      4611.109291288062,
      -1942.161379968323,
      4660.911361715492,
      -2137.8575516774013
    ],
    [
      -598.0058760775564,
      612.7336616342127,
      -481.572822767532,
      250.83901023360244,
      -1023.6682204459803,
      1572.5339237825883,
      -1038.411467570598,
      1824.3431348705403
    ],
    [
      1718.5155910150572,
      -1349.7631253429279,
      1423.9316764764233,
      -759.4240913710721,
      3583.6848613818456,
      -1715.6968490719944,
      4423.094722885651,
      -2311.4439032129903
    ],
    [
      67.00979625307717,
      798.7506502747759,
      34.633216637613785,
      464.4678419029671,
      815.9186089235848,
      445.0750335147865,
      199.6504015816102,
      -715.1702218673157
    ],
    [
      -2395.1989375728376,
      60.17587761766632,
      -948.9280481864563,
      -407.87169849241087,
      -4544.666324683995,
      894.1742580494342,
      -5475.940855905785,
      1312.6050912885826
    ],
    [
      -277.1754158319827,
      504.43051475213224,
      -741.5548139443143,
      153.05433915492898,
      -429.0425907602801,
      235.53517468041642,
      -1070.0242509882846,
      238.28964326289025
    ],
    [
      4.645465876694438e-12,
      -1.3956629003391311e-12,
      6.176417943146953e-13,
      -9.00667507368916e-13,
      6.410276987455544e-12,
      -2.877559631718801e-12,
      6.58033814924754e-12,
      -2.9077026020104896e-12
    ],
    [
      -8.68693505917326e-12,
      3.440645885000618e-12,
      1.4948343780506166e-12,
      3.1433771723123067e-12,
      -7.293604886488995e-12,
      4.976559907159901e-12,
      -4.827558706674924e-12,
      2.0336193722027018e-12
    ],
    [
      409.75438950315475,
      -1017.4366459077685,
      244.1843833330586,
      -184.07771049739785,
      279.47217192874473,
      -954.8084072901481,
      765.9861266785937,
      31.579283739878246
    ],
    [
      656.3511107844165,
      19.89239879062234,
      498.37478156530847,
      53.85311774841892,
      1157.5770861045216,
      10.89189484863428,
      1916.2496127760564,
      -265.6195108541538
    ],
    [
      30.124575137749005,
      877.3399513837597,
      -27.147389906464994,
      543.2617895171948,
      -139.42541460085468,
      1696.9495235348254,
      -170.3876531052494,
      2193.7569836822427
    ],
    [
      0.0,
      0.0,
      0.0,
      0.0,
      0.0,
      0.0,
      0.0,
      0.0
    ]
  ],
  "ridge": 0.05,
  "feature_schema": "relative_xy_m + speed + heading_sin_cos + time_delta",
  "target_schema": "future_relative_xy_m_residual_over_constant_velocity",
  "base_predictor": "constant_velocity",
  "safety_boundary": "Trajectory prediction only; no weapon control or engagement advice."
}
