{
  "schema_version": "st_gnn_normalization/v2",
  "computed_from_split": "train",
  "node_mean": [
    -141.61311487101113,
    74.73977620973494,
    -25.0,
    84.18561377461448,
    0.0031011034734131425,
    0.0019904837534984398,
    -2.163449824645927,
    0.9707805464345992,
    1.0
  ],
  "node_std": [
    2559.9431301196196,
    1980.0353055926016,
    17.078251276599328,
    65.53716323735534,
    0.7919110222169038,
    0.6106253799710799,
    256.87801811434423,
    0.024641358782947476,
    1e-06
  ],
  "edge_mean": [
    17601.913242827322,
    -5.865575037450855e-06,
    -0.00014089023690873738,
    -2.693269207815541e-19,
    -0.009608920622140898,
    2.5933674219649577e-21,
    0.0,
    0.6479617351292858
  ],
  "edge_std": [
    12467.506221969217,
    0.779884205929466,
    0.6259238016530229,
    0.6813000948406834,
    0.7319411529090906,
    81.30501298213842,
    3930.8815712084393,
    0.24935012442691248
  ]
}
