sample_id,coverage,risk_alignment,resource_efficiency,constraint_fit,authorization,lstm_trend,priority,objective_fit,label
decision-reference-0001,0.334064,0.613462,0.898702,0.215247,1.0,0.304944,0.611308,0.49249,0
decision-reference-0002,0.561467,0.249983,0.103967,0.007863,1.0,0.940146,0.707777,0.808097,1
decision-reference-0003,0.752636,0.208308,0.602943,0.920154,1.0,0.413063,0.670437,0.230103,1
decision-reference-0004,0.023486,0.891173,0.230059,0.298302,1.0,0.032184,0.586014,0.094489,0
decision-reference-0005,0.23104,0.474833,0.836907,0.463814,0.0,0.918799,0.778206,0.379421,1
decision-reference-0006,0.067059,0.256042,0.962251,0.852557,0.0,0.742688,0.73653,0.024789,0
decision-reference-0007,0.237283,0.496645,0.898018,0.188324,1.0,0.433351,0.708399,0.147472,0
decision-reference-0008,0.269199,0.973585,0.207811,0.472588,1.0,0.325916,0.132227,0.620053,1
decision-reference-0009,0.838222,0.681784,0.821653,0.410071,1.0,0.602608,0.400342,0.856712,1
decision-reference-0010,0.38282,0.446106,0.429468,0.79128,1.0,0.183458,0.821512,0.510344,1
decision-reference-0011,0.437948,0.279405,0.999037,0.695664,1.0,0.668317,0.750377,0.362142,1
decision-reference-0012,0.170032,0.071149,0.376179,0.622303,1.0,0.115977,0.484217,0.184629,0
decision-reference-0013,0.026264,0.507956,0.824301,0.499464,1.0,0.339139,0.188606,0.24686,0
decision-reference-0014,0.555841,0.8016,0.914172,0.073078,1.0,0.434727,0.136765,0.845708,1
decision-reference-0015,0.804918,0.696602,0.377166,0.063791,1.0,0.786712,0.393319,0.507789,1
decision-reference-0016,0.662383,0.187184,0.660298,0.143959,0.0,0.047443,0.221927,0.551542,0
decision-reference-0017,0.00706,0.255619,0.147357,0.782466,1.0,0.617358,0.053875,0.444354,0
decision-reference-0018,0.271637,0.548028,0.1577,0.201802,1.0,0.10825,0.590393,0.31624,0
decision-reference-0019,0.387255,0.051925,0.795315,0.389289,1.0,0.206559,0.114157,0.286032,0
decision-reference-0020,0.453473,0.355879,0.38267,0.143448,1.0,0.250704,0.727158,0.144336,0
decision-reference-0021,0.405429,0.716353,0.160062,0.612324,1.0,0.626292,0.947299,0.555663,1
decision-reference-0022,0.600198,0.120351,0.975667,0.075243,0.0,0.365889,0.947229,0.851774,0
decision-reference-0023,0.161515,0.935645,0.904415,0.045892,1.0,0.34974,0.50194,0.946161,1
decision-reference-0024,0.949072,0.840625,0.73504,0.692247,0.0,0.698986,0.64374,0.637324,1
decision-reference-0025,0.412378,0.607589,0.793541,0.380056,1.0,0.398174,0.569844,0.726197,1
decision-reference-0026,0.8739,0.263826,0.088392,0.936776,1.0,0.847518,0.905103,0.478765,1
decision-reference-0027,0.941445,0.088046,0.599903,0.530283,1.0,0.275704,0.497489,0.654697,1
decision-reference-0028,0.854637,0.858644,0.129176,0.05874,1.0,0.006161,0.675014,0.959513,1
decision-reference-0029,0.071009,0.044494,0.738406,0.987137,1.0,0.846082,0.901679,0.834684,1
decision-reference-0030,0.542926,0.150322,0.130002,0.022914,1.0,0.446309,0.434461,0.453512,0
decision-reference-0031,0.208972,0.474416,0.413366,0.594802,0.0,0.00614,0.645914,0.613373,0
decision-reference-0032,0.059956,0.938466,0.090078,0.052343,1.0,0.829681,0.008565,0.460426,0
decision-reference-0033,0.08056,0.046303,0.515191,0.362433,1.0,0.841747,0.518904,0.920968,0
decision-reference-0034,0.173477,0.547543,0.872594,0.960047,1.0,0.159678,0.588794,0.204336,1
decision-reference-0035,0.156382,0.352569,0.442869,0.74023,1.0,0.592623,0.158855,0.180982,0
decision-reference-0036,0.387468,0.254473,0.796596,0.410137,1.0,0.150654,0.346913,0.661682,1
decision-reference-0037,0.419047,0.153747,0.466501,0.741699,0.0,0.191058,0.923562,0.522311,0
decision-reference-0038,0.585265,0.750835,0.909546,0.152114,1.0,0.565086,0.840761,0.91771,1
decision-reference-0039,0.907849,0.166467,0.229224,0.88002,1.0,0.183284,0.990053,0.010705,1
decision-reference-0040,0.69462,0.431548,0.82269,0.811335,1.0,0.580438,0.398752,0.300901,1
decision-reference-0041,0.752619,0.992192,0.851692,0.872144,1.0,0.171842,0.733616,0.139625,1
decision-reference-0042,0.825166,0.071906,0.751845,0.017032,1.0,0.464386,0.701907,0.981962,1
decision-reference-0043,0.350346,0.014397,0.937213,0.869984,1.0,0.77359,0.305158,0.832534,1
decision-reference-0044,0.079234,0.348545,0.135267,0.674806,0.0,0.252595,0.207517,0.154903,0
decision-reference-0045,0.299401,0.84766,0.108978,0.433658,1.0,0.582612,0.68793,0.918781,1
decision-reference-0046,0.988048,0.348874,0.685234,0.858459,1.0,0.182063,0.030837,0.990004,1
decision-reference-0047,0.35718,0.573175,0.266187,0.286773,1.0,0.459643,0.097639,0.706526,1
decision-reference-0048,0.109723,0.375914,0.07287,0.393155,1.0,0.116725,0.218632,0.205444,0
decision-reference-0049,0.566811,0.148032,0.012381,0.445133,1.0,0.537579,0.44248,0.927986,0
decision-reference-0050,0.678139,0.482165,0.464656,0.530495,1.0,0.748433,0.437889,0.605389,1
decision-reference-0051,0.33048,0.116154,0.324171,0.957095,1.0,0.635272,0.421518,0.023819,0
decision-reference-0052,0.413533,0.122705,0.094313,0.301651,1.0,0.963007,0.202585,0.245107,0
decision-reference-0053,0.252002,0.073713,0.842337,0.590083,1.0,0.944065,0.19155,0.336466,0
decision-reference-0054,0.025243,0.32519,0.85189,0.005306,1.0,0.488497,0.433847,0.796888,0
decision-reference-0055,0.154824,0.403899,0.824833,0.870115,1.0,0.272002,0.720445,0.207102,1
decision-reference-0056,0.365483,0.172742,0.921806,0.098896,0.0,0.017155,0.050989,0.53206,0
decision-reference-0057,0.685299,0.024886,0.576575,0.460438,0.0,0.147216,0.424513,0.189429,0
decision-reference-0058,0.224654,0.224593,0.613844,0.134127,1.0,0.947621,0.588653,0.281887,0
decision-reference-0059,0.715222,0.806811,0.764606,0.815774,1.0,0.455475,0.281686,0.670353,1
decision-reference-0060,0.47425,0.019042,0.973588,0.10038,1.0,0.315036,0.581287,0.114476,0
decision-reference-0061,0.216539,0.521842,0.024395,0.325789,1.0,0.677067,0.710661,0.245598,0
decision-reference-0062,0.082061,0.443901,0.295752,0.886437,1.0,0.949709,0.816235,0.49088,1
decision-reference-0063,0.814802,0.485946,0.923529,0.245307,1.0,0.700736,0.295473,0.798296,1
decision-reference-0064,0.840145,0.331605,0.8193,0.828084,1.0,0.959007,0.015648,0.307285,1
decision-reference-0065,0.937393,0.587674,0.59073,0.753015,1.0,0.076077,0.775547,0.023715,1
decision-reference-0066,0.621539,0.604052,0.177875,0.881423,1.0,0.394937,0.116722,0.890395,1
decision-reference-0067,0.571907,0.201633,0.051849,0.067265,1.0,0.320942,0.563364,0.938085,0
decision-reference-0068,0.721378,0.518754,0.657017,0.89555,1.0,0.01495,0.802692,0.067692,1
decision-reference-0069,0.570457,0.500795,0.074107,0.149828,1.0,0.369727,0.074953,0.066813,0
decision-reference-0070,0.772329,0.799852,0.028559,0.906104,1.0,0.305103,0.788547,0.261586,1
decision-reference-0071,0.260707,0.867998,0.747921,0.324513,1.0,0.44167,0.268425,0.836713,1
decision-reference-0072,0.428614,0.006811,0.010968,0.139009,1.0,0.536345,0.77187,0.893228,0
decision-reference-0073,0.241262,0.146199,0.988654,0.286787,1.0,0.649252,0.373638,0.813058,0
decision-reference-0074,0.135439,0.153584,0.731486,0.931534,1.0,0.030817,0.703698,0.773215,0
decision-reference-0075,0.266689,0.097306,0.442194,0.412988,1.0,0.840883,0.231577,0.840184,0
decision-reference-0076,0.44546,0.035712,0.254624,0.99591,1.0,0.760321,0.571983,0.183918,1
decision-reference-0077,0.18128,0.173962,0.674357,0.255804,1.0,0.874291,0.821508,0.627678,0
decision-reference-0078,0.151386,0.217329,0.843582,0.598379,1.0,0.273384,0.12058,0.362218,1
decision-reference-0079,0.0062,0.795347,0.984702,0.699841,1.0,0.933758,0.666231,0.126754,1
decision-reference-0080,0.174144,0.798951,0.050135,0.148314,1.0,0.759517,0.932286,0.746679,1
decision-reference-0081,0.790715,0.127727,0.181367,0.41685,0.0,0.78828,0.373767,0.988506,0
decision-reference-0082,0.604117,0.492434,0.14786,0.250312,1.0,0.61818,0.095626,0.486081,0
decision-reference-0083,0.09925,0.870779,0.495346,0.812249,1.0,0.815633,0.657609,0.563484,1
decision-reference-0084,0.186465,0.07067,0.656483,0.011265,1.0,0.692572,0.403183,0.924205,0
decision-reference-0085,0.850226,0.880092,0.596649,0.763507,1.0,0.655511,0.066146,0.710898,1
decision-reference-0086,0.113055,0.914714,0.180269,0.256655,1.0,0.018715,0.312188,0.369769,0
decision-reference-0087,0.914385,0.7521,0.524354,0.406203,0.0,0.589218,0.278883,0.524486,1
decision-reference-0088,0.094905,0.76688,0.124439,0.150659,1.0,0.364213,0.145226,0.465491,0
decision-reference-0089,0.730227,0.531142,0.872298,0.899903,0.0,0.214616,0.398011,0.893828,1
decision-reference-0090,0.668152,0.37565,0.007568,0.519622,1.0,0.795354,0.283617,0.777887,1
decision-reference-0091,0.616304,0.973368,0.129766,0.312071,1.0,0.887378,0.287759,0.902261,1
decision-reference-0092,0.001942,0.983235,0.273334,0.355193,1.0,0.919425,0.74022,0.736095,1
decision-reference-0093,0.36448,0.658458,0.503117,0.260582,1.0,0.301235,0.151834,0.355877,1
decision-reference-0094,0.785006,0.690287,0.508567,0.822664,1.0,0.340233,0.882659,0.303639,1
decision-reference-0095,0.858398,0.34794,0.212793,0.443332,1.0,0.936351,0.315952,0.571843,1
decision-reference-0096,0.530405,0.96102,0.353936,0.495125,0.0,0.226316,0.250823,0.890445,1
decision-reference-0097,0.829013,0.158282,0.867976,0.047105,1.0,0.609647,0.063585,0.745868,0
decision-reference-0098,0.427798,0.597553,0.89277,0.061317,1.0,0.825169,0.363582,0.959336,0
decision-reference-0099,0.350957,0.105689,0.146037,0.601311,1.0,0.520392,0.863918,0.618269,0
decision-reference-0100,0.009451,0.876226,0.806102,0.173646,1.0,0.153511,0.585911,0.245511,0
decision-reference-0101,0.266584,0.226395,0.229685,0.833991,1.0,0.627741,0.881829,0.820827,0
decision-reference-0102,0.926677,0.398147,0.136385,0.095055,0.0,0.691249,0.300147,0.144759,0
decision-reference-0103,0.853225,0.476709,0.942481,0.076743,0.0,0.566716,0.917388,0.426423,1
decision-reference-0104,0.920349,0.585244,0.458067,0.777216,0.0,0.494296,0.410236,0.953464,1
decision-reference-0105,0.363539,0.341007,0.111859,0.442363,1.0,0.127492,0.530626,0.683739,0
decision-reference-0106,0.703735,0.250722,0.548155,0.938012,1.0,0.993731,0.693205,0.914625,1
decision-reference-0107,0.361665,0.40456,0.619707,0.70073,1.0,0.329745,0.616414,0.78494,1
decision-reference-0108,0.693341,0.046632,0.235694,0.051708,0.0,0.69387,0.334513,0.383676,0
decision-reference-0109,0.87528,0.787006,0.644229,0.049146,1.0,0.68077,0.313298,0.196188,1
decision-reference-0110,0.637453,0.569061,0.978219,0.608685,1.0,0.381611,0.468419,0.737394,1
decision-reference-0111,0.640445,0.211174,0.096103,0.266673,1.0,0.515275,0.496512,0.725491,0
decision-reference-0112,0.931401,0.109056,0.015072,0.605386,1.0,0.262052,0.047667,0.472984,1
decision-reference-0113,0.52417,0.242988,0.104566,0.740213,1.0,0.41746,0.389581,0.246251,1
decision-reference-0114,0.121248,0.358301,0.635443,0.338133,0.0,0.642681,0.172582,0.98334,0
decision-reference-0115,0.453179,0.128028,0.089665,0.536509,1.0,0.137285,0.859152,0.066773,0
decision-reference-0116,0.745318,0.220556,0.248819,0.084191,0.0,0.137135,0.254865,0.440098,0
decision-reference-0117,0.508836,0.362805,0.231772,0.536987,1.0,0.122384,0.231588,0.334114,0
decision-reference-0118,0.748194,0.505275,0.253539,0.285944,1.0,0.040732,0.309357,0.606117,0
decision-reference-0119,0.121069,0.060153,0.185357,0.870114,1.0,0.633083,0.700524,0.499969,1
decision-reference-0120,0.798644,0.617711,0.963002,0.954466,1.0,0.940116,0.465072,0.44163,1
decision-reference-0121,0.780459,0.646102,0.185326,0.774055,1.0,0.174338,0.85234,0.54607,1
decision-reference-0122,0.313104,0.571482,0.619463,0.189028,0.0,0.254879,0.678302,0.747226,0
decision-reference-0123,0.782537,0.859144,0.560202,0.838349,1.0,0.41452,0.23339,0.811912,1
decision-reference-0124,0.188496,0.703129,0.764963,0.784566,1.0,0.655119,0.01364,0.474887,1
decision-reference-0125,0.408133,0.086866,0.212335,0.054904,0.0,0.856119,0.457646,0.305902,0
decision-reference-0126,0.339217,0.588725,0.201686,0.765564,1.0,0.693849,0.309199,0.334568,1
decision-reference-0127,0.397112,0.91709,0.146639,0.297141,1.0,0.995292,0.806785,0.992914,1
decision-reference-0128,0.588859,0.995381,0.640097,0.495723,1.0,0.829215,0.779863,0.178248,1
decision-reference-0129,0.27654,0.373067,0.560046,0.593773,1.0,0.872305,0.873754,0.434154,1
decision-reference-0130,0.7546,0.255908,0.357241,0.69656,1.0,0.88779,0.592278,0.780441,1
decision-reference-0131,0.844105,0.285426,0.909194,0.267164,1.0,0.645444,0.1061,0.812841,1
decision-reference-0132,0.234128,0.589791,0.909417,0.013977,0.0,0.903085,0.163766,0.904699,0
decision-reference-0133,0.906041,0.87439,0.308345,0.784902,1.0,0.633937,0.391473,0.919022,1
decision-reference-0134,0.839163,0.666715,0.526588,0.196659,1.0,0.129031,0.898486,0.903803,1
decision-reference-0135,0.247802,0.241902,0.007244,0.335016,0.0,0.826939,0.473662,0.484128,0
decision-reference-0136,0.89743,0.123767,0.955058,0.01092,1.0,0.681836,0.905871,0.928135,1
decision-reference-0137,0.296508,0.969209,0.227356,0.469127,1.0,0.701012,0.469124,0.358983,1
decision-reference-0138,0.923447,0.788412,0.189418,0.865999,1.0,0.134169,0.382404,0.34306,1
decision-reference-0139,0.537468,0.491299,0.638453,0.021187,1.0,0.353551,0.720034,0.270778,0
decision-reference-0140,0.616653,0.64668,0.675689,0.4608,1.0,0.917408,0.174748,0.173182,1
decision-reference-0141,0.768568,0.165027,0.027503,0.354601,1.0,0.703141,0.025707,0.236178,0
decision-reference-0142,0.815202,0.65229,0.420786,0.322198,1.0,0.603114,0.036277,0.799672,1
decision-reference-0143,0.931355,0.853322,0.27675,0.657027,1.0,0.213314,0.932385,0.49059,1
decision-reference-0144,0.099956,0.052726,0.000578,0.935747,1.0,0.859977,0.84149,0.067156,0
decision-reference-0145,0.346146,0.170465,0.757686,0.396786,1.0,0.373369,0.562772,0.653202,1
decision-reference-0146,0.675191,0.95648,0.690532,0.281934,1.0,0.021425,0.519419,0.479062,1
decision-reference-0147,0.747833,0.382202,0.820409,0.300363,1.0,0.168358,0.921049,0.513049,1
decision-reference-0148,0.522763,0.122751,0.616812,0.339685,1.0,0.622683,0.937723,0.24869,1
decision-reference-0149,0.88155,0.257651,0.961817,0.170074,1.0,0.57777,0.21079,0.060629,1
decision-reference-0150,0.146869,0.73219,0.291238,0.039709,1.0,0.643873,0.380482,0.31578,0
decision-reference-0151,0.928543,0.944559,0.823321,0.488793,1.0,0.123235,0.607319,0.141792,1
decision-reference-0152,0.790734,0.651736,0.070195,0.874396,1.0,0.465796,0.230595,0.412168,1
decision-reference-0153,0.700841,0.417653,0.532504,0.946307,1.0,0.968592,0.887774,0.577907,1
decision-reference-0154,0.606269,0.41323,0.573471,0.123156,1.0,0.624,0.568439,0.095502,1
decision-reference-0155,0.027362,0.815106,0.251653,0.504691,1.0,0.615964,0.647471,0.058908,0
decision-reference-0156,0.307004,0.841753,0.084469,0.321695,0.0,0.62247,0.347933,0.507259,0
decision-reference-0157,0.906407,0.405217,0.034097,0.790389,0.0,0.431899,0.338996,0.862412,1
decision-reference-0158,0.949381,0.330687,0.304577,0.27671,1.0,0.259625,0.263135,0.470306,1
decision-reference-0159,0.098328,0.03375,0.759201,0.86974,0.0,0.363168,0.029521,0.277261,0
decision-reference-0160,0.640196,0.053432,0.729215,0.963058,1.0,0.577066,0.509998,0.153375,1
decision-reference-0161,0.241274,0.0863,0.956811,0.889504,1.0,0.824883,0.606285,0.770157,1
decision-reference-0162,0.617656,0.229416,0.44595,0.458495,1.0,0.847426,0.758824,0.509066,1
decision-reference-0163,0.936431,0.594049,0.282116,0.869926,1.0,0.336199,0.543985,0.870588,1
decision-reference-0164,0.292537,0.72857,0.917589,0.829558,1.0,0.626601,0.03966,0.44805,1
decision-reference-0165,0.941127,0.255018,0.447532,0.156852,0.0,0.120144,0.922005,0.463957,0
decision-reference-0166,0.810551,0.813169,0.032297,0.451511,1.0,0.032394,0.935771,0.653176,1
decision-reference-0167,0.288167,0.065591,0.006663,0.829392,1.0,0.408365,0.935755,0.296523,0
decision-reference-0168,0.149551,0.381815,0.186939,0.307962,1.0,0.119915,0.549101,0.429547,0
decision-reference-0169,0.416565,0.882352,0.409032,0.134091,1.0,0.466272,0.603848,0.746259,1
decision-reference-0170,0.553266,0.00491,0.656856,0.763291,1.0,0.944935,0.597457,0.824982,1
decision-reference-0171,0.885251,0.19491,0.192757,0.377683,1.0,0.198422,0.471208,0.885312,1
decision-reference-0172,0.821555,0.969008,0.611937,0.949728,1.0,0.568201,0.198849,0.657237,1
decision-reference-0173,0.640274,0.083618,0.663985,0.109731,1.0,0.183169,0.45216,0.852937,0
decision-reference-0174,0.489319,0.199695,0.994798,0.713211,0.0,0.024248,0.991099,0.991317,1
decision-reference-0175,0.884594,0.463308,0.945019,0.246153,1.0,0.921509,0.070718,0.640914,1
decision-reference-0176,0.632298,0.880435,0.958745,0.87741,1.0,0.272517,0.863921,0.459355,1
decision-reference-0177,0.896392,0.161417,0.513045,0.002761,1.0,0.504531,0.085057,0.806776,0
decision-reference-0178,0.94225,0.860182,0.555194,0.896941,1.0,0.811623,0.921945,0.426617,1
decision-reference-0179,0.185116,0.158685,0.887238,0.344534,1.0,0.100473,0.481641,0.210529,0
decision-reference-0180,0.040973,0.530032,0.508718,0.328794,1.0,0.9922,0.990158,0.455253,0
decision-reference-0181,0.173132,0.585352,0.653238,0.814303,1.0,0.925102,0.510785,0.015492,1
decision-reference-0182,0.493408,0.289119,0.983135,0.437804,1.0,0.437051,0.407586,0.073779,0
decision-reference-0183,0.473416,0.456379,0.133119,0.389038,1.0,0.387466,0.055558,0.349197,0
decision-reference-0184,0.768907,0.700829,0.342571,0.558849,1.0,0.133106,0.227238,0.685372,1
decision-reference-0185,0.467618,0.044803,0.685041,0.394715,1.0,0.929411,0.542154,0.472222,0
decision-reference-0186,0.680974,0.551809,0.421966,0.492236,1.0,0.991918,0.104138,0.013071,1
decision-reference-0187,0.599628,0.805515,0.940413,0.290105,0.0,0.815593,0.275941,0.114537,0
decision-reference-0188,0.997491,0.506207,0.229681,0.684032,1.0,0.930194,0.287794,0.932412,1
decision-reference-0189,0.075477,0.660696,0.182585,0.199867,0.0,0.443506,0.71121,0.634953,0
decision-reference-0190,0.031219,0.162111,0.577856,0.932775,1.0,0.191513,0.00292,0.014684,0
decision-reference-0191,0.653486,0.483024,0.403782,0.750526,1.0,0.664417,0.923104,0.696988,1
decision-reference-0192,0.511045,0.444689,0.216693,0.09379,1.0,0.077715,0.262918,0.997823,1
decision-reference-0193,0.485461,0.875637,0.995583,0.724938,1.0,0.878929,0.439086,0.731967,1
decision-reference-0194,0.20441,0.078285,0.340863,0.579044,1.0,0.125082,0.53951,0.170102,0
decision-reference-0195,0.891184,0.372723,0.595489,0.871022,1.0,0.201449,0.722252,0.170687,1
decision-reference-0196,0.580592,0.398436,0.75811,0.8942,1.0,0.942287,0.471745,0.315269,1
decision-reference-0197,0.683495,0.594151,0.724908,0.531554,1.0,0.419666,0.078457,0.604949,1
decision-reference-0198,0.688498,0.11146,0.325461,0.592919,1.0,0.532637,0.684755,0.501065,1
decision-reference-0199,0.864141,0.316945,0.013687,0.322949,1.0,0.842856,0.95979,0.183281,1
decision-reference-0200,0.502338,0.83624,0.963094,0.194875,1.0,0.479613,0.958255,0.8458,1
decision-reference-0201,0.311848,0.407813,0.439846,0.81968,1.0,0.001853,0.335471,0.28585,0
decision-reference-0202,0.972187,0.590069,0.856189,0.136261,1.0,0.131434,0.301272,0.072509,1
decision-reference-0203,0.072283,0.82256,0.870693,0.744792,1.0,0.103797,0.938229,0.461885,1
decision-reference-0204,0.767291,0.82749,0.258418,0.906886,1.0,0.782786,0.428176,0.081618,1
decision-reference-0205,0.914256,0.992693,0.701239,0.195825,1.0,0.617464,0.24769,0.219584,1
decision-reference-0206,0.012976,0.553039,0.557421,0.720334,1.0,0.45798,0.722073,0.383844,1
decision-reference-0207,0.142082,0.906665,0.936045,0.411276,1.0,0.848434,0.172881,0.838695,1
decision-reference-0208,0.79488,0.435831,0.324648,0.837527,1.0,0.153055,0.399932,0.600519,1
decision-reference-0209,0.656867,0.207078,0.621819,0.00538,1.0,0.213214,0.526079,0.570099,0
decision-reference-0210,0.91366,0.688398,0.710352,0.131515,1.0,0.172247,0.744703,0.602666,1
decision-reference-0211,0.971534,0.442155,0.819426,0.27258,1.0,0.663242,0.039487,0.531608,1
decision-reference-0212,0.486407,0.87581,0.826207,0.882176,1.0,0.064787,0.286034,0.519039,1
decision-reference-0213,0.9156,0.951557,0.848214,0.721852,1.0,0.477941,0.151531,0.882333,1
decision-reference-0214,0.495877,0.391805,0.613489,0.400616,1.0,0.834094,0.617577,0.583227,1
decision-reference-0215,0.5413,0.217454,0.844578,0.116355,1.0,0.611729,0.225968,0.50382,0
decision-reference-0216,0.258734,0.542809,0.293453,0.339792,1.0,0.182246,0.076745,0.539143,0
decision-reference-0217,0.640662,0.219272,0.281673,0.601842,1.0,0.743812,0.741304,0.905949,1
decision-reference-0218,0.262636,0.873414,0.727959,0.867569,1.0,0.946665,0.79174,0.214988,1
decision-reference-0219,0.737058,0.299127,0.663125,0.100011,1.0,0.143326,0.661063,0.160354,0
decision-reference-0220,0.206602,0.538897,0.017881,0.417984,1.0,0.259581,0.376134,0.496316,0
decision-reference-0221,0.856154,0.435712,0.404052,0.576703,1.0,0.059068,0.726183,0.44024,1
decision-reference-0222,0.415996,0.357329,0.831701,0.696416,1.0,0.717771,0.394247,0.173397,1
decision-reference-0223,0.380557,0.73069,0.470912,0.157165,1.0,0.616133,0.134023,0.822983,1
decision-reference-0224,0.473256,0.580734,0.733046,0.508713,1.0,0.5182,0.825539,0.519461,1
decision-reference-0225,0.641852,0.28943,0.805727,0.584785,1.0,0.165422,0.243138,0.747287,1
decision-reference-0226,0.674303,0.629234,0.590175,0.468768,1.0,0.934923,0.211574,0.659174,1
decision-reference-0227,0.367499,0.126158,0.845308,0.742455,1.0,0.902589,0.39172,0.958908,1
decision-reference-0228,0.393915,0.9088,0.396152,0.288931,0.0,0.129987,0.637157,0.442805,0
decision-reference-0229,0.145775,0.16206,0.974505,0.186199,1.0,0.031581,0.592858,0.556766,0
decision-reference-0230,0.729128,0.393848,0.26873,0.640215,1.0,0.09594,0.414275,0.568288,1
decision-reference-0231,0.738413,0.899262,0.188987,0.65556,1.0,0.28615,0.287888,0.055906,1
decision-reference-0232,0.649808,0.265567,0.845148,0.422927,1.0,0.412339,0.081048,0.717845,1
decision-reference-0233,0.372162,0.501993,0.325868,0.05821,0.0,0.60302,0.998889,0.847737,0
decision-reference-0234,0.929501,0.695929,0.704422,0.442014,1.0,0.348864,0.220457,0.331573,1
decision-reference-0235,0.910761,0.813628,0.361217,0.427546,0.0,0.860658,0.216863,0.673435,1
decision-reference-0236,0.328329,0.526802,0.172285,0.95883,1.0,0.160448,0.961448,0.473751,1
decision-reference-0237,0.254443,0.349258,0.691648,0.727777,1.0,0.519855,0.612386,0.874423,1
decision-reference-0238,0.716569,0.869459,0.274791,0.017608,1.0,0.610169,0.051894,0.090046,0
decision-reference-0239,0.674644,0.555102,0.073281,0.054635,1.0,0.53278,0.32,0.213232,0
decision-reference-0240,0.081663,0.980736,0.025202,0.10353,1.0,0.930292,0.623068,0.17156,0
decision-reference-0241,0.191731,0.374025,0.055286,0.661865,1.0,0.381321,0.249679,0.278565,0
decision-reference-0242,0.710217,0.745757,0.837691,0.323093,0.0,0.431597,0.329616,0.26881,1
decision-reference-0243,0.890857,0.846147,0.4616,0.235674,1.0,0.585659,0.579883,0.669225,1
decision-reference-0244,0.897683,0.153586,0.119088,0.470185,1.0,0.70833,0.617901,0.739258,1
decision-reference-0245,0.40168,0.79371,0.699999,0.418737,1.0,0.687602,0.216824,0.831919,1
decision-reference-0246,0.141922,0.459804,0.726355,0.858843,1.0,0.425442,0.258264,0.300276,1
decision-reference-0247,0.587519,0.502012,0.775738,0.954897,1.0,0.028964,0.949957,0.484012,1
decision-reference-0248,0.344238,0.694773,0.797361,0.669894,0.0,0.350556,0.432932,0.918322,1
decision-reference-0249,0.523194,0.845724,0.201353,0.546317,1.0,0.754746,0.442541,0.720947,1
decision-reference-0250,0.93861,0.269095,0.160691,0.645632,1.0,0.330621,0.438211,0.261521,1
decision-reference-0251,0.842308,0.280558,0.295968,0.36554,1.0,0.055658,0.104706,0.237457,0
decision-reference-0252,0.692987,0.46742,0.140948,0.283309,1.0,0.633831,0.885461,0.529442,1
decision-reference-0253,0.68105,0.670766,0.218228,0.622376,1.0,0.066996,0.95129,0.900094,1
decision-reference-0254,0.140023,0.700218,0.551994,0.699028,1.0,0.175657,0.52473,0.758359,1
decision-reference-0255,0.892142,0.871357,0.385767,0.857837,0.0,0.039279,0.345216,0.041615,1
decision-reference-0256,0.512663,0.225074,0.578866,0.318511,1.0,0.35612,0.756208,0.59338,0
decision-reference-0257,0.078094,0.208793,0.579912,0.214998,1.0,0.357227,0.125386,0.358242,0
decision-reference-0258,0.706608,0.777297,0.347734,0.406886,1.0,0.388229,0.359711,0.548177,1
decision-reference-0259,0.39781,0.63027,0.403535,0.850163,0.0,0.172315,0.986664,0.456317,0
decision-reference-0260,0.214581,0.677661,0.876144,0.359589,1.0,0.871073,0.707543,0.498118,1
decision-reference-0261,0.233702,0.792415,0.421053,0.645676,0.0,0.469535,0.1645,0.940071,0
decision-reference-0262,0.218023,0.271029,0.851772,0.491285,1.0,0.00764,0.124539,0.541195,0
decision-reference-0263,0.761376,0.168586,0.316555,0.047592,1.0,0.023627,0.62851,0.344384,0
decision-reference-0264,0.119234,0.576031,0.089737,0.649035,1.0,0.966051,0.350922,0.21337,0
decision-reference-0265,0.163269,0.030167,0.136274,0.640672,0.0,0.905051,0.853008,0.606372,0
decision-reference-0266,0.474331,0.926062,0.132557,0.874864,1.0,0.39574,0.733943,0.307389,1
decision-reference-0267,0.359565,0.040012,0.317439,0.182968,1.0,0.452304,0.222911,0.78861,0
decision-reference-0268,0.858297,0.065919,0.243934,0.475164,1.0,0.764435,0.741404,0.394501,1
decision-reference-0269,0.364962,0.454016,0.270794,0.991104,0.0,0.850701,0.313201,0.537041,0
decision-reference-0270,0.81048,0.798109,0.491699,0.219947,1.0,0.997279,0.441498,0.958744,1
decision-reference-0271,0.018032,0.773637,0.819624,0.542033,1.0,0.268077,0.013709,0.505488,0
decision-reference-0272,0.848322,0.954493,0.275914,0.09174,1.0,0.979453,0.086424,0.905951,1
decision-reference-0273,0.585148,0.356691,0.079986,0.586413,0.0,0.154079,0.096548,0.811339,0
decision-reference-0274,0.711158,0.154814,0.958628,0.354803,0.0,0.695133,0.282725,0.645597,0
decision-reference-0275,0.891037,0.101224,0.436428,0.579512,1.0,0.910063,0.65085,0.912019,1
decision-reference-0276,0.639126,0.158807,0.522788,0.471868,1.0,0.494342,0.218166,0.428205,1
decision-reference-0277,0.680682,0.204381,0.333793,0.112201,1.0,0.194426,0.182643,0.335866,0
decision-reference-0278,0.881111,0.236547,0.452611,0.947043,1.0,0.757159,0.289957,0.008055,1
decision-reference-0279,0.045918,0.574734,0.268711,0.565473,1.0,0.635773,0.762485,0.553477,0
decision-reference-0280,0.292034,0.03892,0.135259,0.638401,1.0,0.551186,0.457931,0.061518,0
decision-reference-0281,0.264619,0.030963,0.477223,0.394796,0.0,0.227085,0.43595,0.041131,0
decision-reference-0282,0.482258,0.443769,0.478348,0.543234,1.0,0.481407,0.629082,0.619061,1
decision-reference-0283,0.770266,0.514356,0.618773,0.056982,1.0,0.775413,0.196834,0.904983,1
decision-reference-0284,0.665203,0.595103,0.260706,0.288702,0.0,0.216106,0.930527,0.3176,0
decision-reference-0285,0.702186,0.116023,0.594127,0.908991,0.0,0.598109,0.108376,0.995278,1
decision-reference-0286,0.465221,0.493163,0.210423,0.565452,1.0,0.158982,0.798198,0.718913,0
decision-reference-0287,0.543461,0.150891,0.719392,0.034257,1.0,0.367859,0.012344,0.805298,0
decision-reference-0288,0.41934,0.602877,0.156638,0.870329,1.0,0.570755,0.447344,0.300322,1
decision-reference-0289,0.345805,0.462866,0.980979,0.504945,1.0,0.438989,0.888394,0.847772,1
decision-reference-0290,0.770443,0.835405,0.754245,0.455124,1.0,0.168162,0.584916,0.900534,1
decision-reference-0291,0.665076,0.417285,0.610095,0.029456,1.0,0.854427,0.107083,0.017958,0
decision-reference-0292,0.347018,0.876188,0.659559,0.805886,1.0,0.106252,0.767711,0.433746,1
decision-reference-0293,0.461781,0.624646,0.851473,0.557116,0.0,0.916481,0.386651,0.926447,1
decision-reference-0294,0.62477,0.071355,0.985226,0.935582,1.0,0.032499,0.683345,0.963933,1
decision-reference-0295,0.891676,0.043419,0.884161,0.93141,1.0,0.544799,0.017026,0.849044,1
decision-reference-0296,0.413117,0.26111,0.964443,0.779653,0.0,0.55597,0.921471,0.951293,0
decision-reference-0297,0.264149,0.116663,0.990325,0.222928,1.0,0.030321,0.538772,0.537739,0
decision-reference-0298,0.467197,0.629184,0.095914,0.785413,1.0,0.981991,0.813619,0.041521,1
decision-reference-0299,0.941538,0.236785,0.243374,0.04504,0.0,0.669602,0.774892,0.56684,0
decision-reference-0300,0.149811,0.343938,0.814308,0.651382,1.0,0.993234,0.665483,0.776104,1
decision-reference-0301,0.790681,0.543627,0.830678,0.436434,0.0,0.899645,0.037753,0.02367,0
decision-reference-0302,0.69669,0.825455,0.187875,0.847047,1.0,0.060459,0.424992,0.20966,1
decision-reference-0303,0.344507,0.819621,0.5302,0.623082,0.0,0.88595,0.116809,0.761542,0
decision-reference-0304,0.366314,0.419511,0.856126,0.912892,1.0,0.303767,0.174783,0.168772,0
decision-reference-0305,0.063021,0.468436,0.33738,0.086185,0.0,0.201632,0.203376,0.438313,0
decision-reference-0306,0.348115,0.212338,0.942783,0.666139,0.0,0.219499,0.673231,0.695378,0
decision-reference-0307,0.842258,0.872325,0.616306,0.984199,1.0,0.473727,0.089872,0.418528,1
decision-reference-0308,0.995973,0.928224,0.400649,0.232383,1.0,0.945431,0.120277,0.577096,1
decision-reference-0309,0.684803,0.584684,0.107275,0.348487,1.0,0.748269,0.851943,0.331575,1
decision-reference-0310,0.69189,0.75863,0.619919,0.605649,1.0,0.283259,0.533567,0.994525,1
decision-reference-0311,0.323148,0.223577,0.171961,0.359923,1.0,0.432873,0.371732,0.466372,0
decision-reference-0312,0.105596,0.242041,0.842514,0.476994,1.0,0.408972,0.662899,0.848054,0
decision-reference-0313,0.419807,0.33611,0.788048,0.251747,0.0,0.408507,0.677278,0.741564,0
decision-reference-0314,0.661993,0.010912,0.267858,0.878082,1.0,0.702652,0.831166,0.476254,1
decision-reference-0315,0.025304,0.817206,0.503101,0.220292,0.0,0.308978,0.925593,0.836407,0
decision-reference-0316,0.038257,0.466926,0.643051,0.741037,1.0,0.989814,0.191001,0.141307,1
decision-reference-0317,0.684821,0.809611,0.311036,0.715802,1.0,0.450081,0.067009,0.216061,1
decision-reference-0318,0.936156,0.988675,0.239685,0.895219,1.0,0.145657,0.740372,0.166423,1
decision-reference-0319,0.416923,0.689346,0.4275,0.54685,1.0,0.015683,0.581437,0.168976,1
decision-reference-0320,0.735748,0.059671,0.309392,0.728997,1.0,0.808599,0.797879,0.007575,1
decision-reference-0321,0.145851,0.922188,0.57993,0.501012,1.0,0.592008,0.764788,0.755827,1
decision-reference-0322,0.057223,0.128301,0.435953,0.158106,1.0,0.431489,0.495024,0.582512,0
decision-reference-0323,0.489553,0.748173,0.658776,0.972029,1.0,0.376357,0.616119,0.82779,1
decision-reference-0324,0.435584,0.788423,0.305314,0.460709,1.0,0.815522,0.57297,0.679772,1
decision-reference-0325,0.898701,0.994086,0.69458,0.100963,1.0,0.296874,0.623547,0.088816,1
decision-reference-0326,0.650556,0.881962,0.708649,0.374753,1.0,0.56647,0.855803,0.097596,1
decision-reference-0327,0.410846,0.323093,0.564997,0.11841,1.0,0.828499,0.93777,0.905301,1
decision-reference-0328,0.80792,0.638138,0.713501,0.184036,1.0,0.472006,0.888104,0.51689,1
decision-reference-0329,0.433947,0.17292,0.258569,0.188124,1.0,0.793761,0.430433,0.718118,0
decision-reference-0330,0.795736,0.216484,0.367995,0.259674,1.0,0.63336,0.059587,0.122728,1
decision-reference-0331,0.120851,0.845727,0.278408,0.453723,1.0,0.798426,0.043762,0.652644,0
decision-reference-0332,0.481446,0.100474,0.500499,0.540818,1.0,0.87921,0.465737,0.601949,1
decision-reference-0333,0.149669,0.963529,0.956199,0.995765,1.0,0.314556,0.848389,0.473544,1
decision-reference-0334,0.315115,0.823973,0.451689,0.620085,1.0,0.58065,0.804265,0.383896,1
decision-reference-0335,0.372942,0.133069,0.373976,0.45384,1.0,0.64117,0.364987,0.039458,0
decision-reference-0336,0.981539,0.432152,0.062435,0.077554,1.0,0.379578,0.964131,0.440201,1
decision-reference-0337,0.17396,0.867223,0.470964,0.946204,1.0,0.090968,0.04174,0.413857,0
decision-reference-0338,0.319835,0.34615,0.598686,0.18155,1.0,0.989816,0.496037,0.308921,0
decision-reference-0339,0.910094,0.189868,0.604206,0.820525,1.0,0.770261,0.69331,0.602416,1
decision-reference-0340,0.702423,0.441063,0.682018,0.897276,1.0,0.693076,0.558314,0.339754,1
decision-reference-0341,0.234828,0.101026,0.276933,0.468461,1.0,0.931062,0.387095,0.916454,1
decision-reference-0342,0.712302,0.34152,0.075191,0.881214,1.0,0.684696,0.150855,0.190018,1
decision-reference-0343,0.478751,0.373402,0.604693,0.613487,1.0,0.218478,0.989853,0.077663,1
decision-reference-0344,0.367252,0.712689,0.511951,0.777498,0.0,0.401823,0.057383,0.843062,0
decision-reference-0345,0.561608,0.486325,0.097028,0.277952,1.0,0.846879,0.481105,0.048681,0
decision-reference-0346,0.585094,0.927367,0.160695,0.630725,0.0,0.152297,0.307722,0.28876,0
decision-reference-0347,0.770622,0.807341,0.32948,0.063377,0.0,0.68714,0.858331,0.809433,1
decision-reference-0348,0.888838,0.551603,0.703747,0.982353,1.0,0.488386,0.669603,0.058643,1
decision-reference-0349,0.59337,0.730736,0.472869,0.435956,1.0,0.655177,0.814207,0.721161,1
decision-reference-0350,0.464151,0.202318,0.040978,0.755188,1.0,0.662068,0.133184,0.174228,1
decision-reference-0351,0.207774,0.585639,0.117902,0.147994,1.0,0.612742,0.271981,0.809917,0
decision-reference-0352,0.672426,0.457024,0.368888,0.378819,1.0,0.69191,0.958858,0.793474,1
decision-reference-0353,0.778824,0.328823,0.279182,0.426407,1.0,0.542629,0.039599,0.313431,1
decision-reference-0354,0.488733,0.428983,0.653311,0.534785,0.0,0.023204,0.9218,0.625575,0
decision-reference-0355,0.145652,0.865422,0.280576,0.779445,1.0,0.206771,0.086914,0.963768,0
decision-reference-0356,0.717014,0.487205,0.771963,0.844142,1.0,0.621519,0.899925,0.30818,1
decision-reference-0357,0.619849,0.297953,0.530588,0.723252,0.0,0.876819,0.311872,0.01795,0
decision-reference-0358,0.797295,0.812341,0.211104,0.879842,1.0,0.677447,0.209337,0.632109,1
decision-reference-0359,0.809098,0.853814,0.364408,0.025521,1.0,0.731888,0.579652,0.47493,1
decision-reference-0360,0.905151,0.534363,0.141958,0.168981,1.0,0.451529,0.078628,0.9994,1
decision-reference-0361,0.973185,0.542464,0.245165,0.589897,1.0,0.068761,0.34533,0.588496,1
decision-reference-0362,0.54586,0.062597,0.910395,0.418552,1.0,0.86278,0.217327,0.118661,1
decision-reference-0363,0.438835,0.574095,0.967506,0.182928,0.0,0.128228,0.398692,0.661361,0
decision-reference-0364,0.399403,0.426131,0.41746,0.408823,1.0,0.934814,0.992601,0.795294,1
decision-reference-0365,0.138752,0.781584,0.855486,0.054885,1.0,0.507411,0.6032,0.229547,1
decision-reference-0366,0.393556,0.610591,0.447926,0.4369,1.0,0.375597,0.516445,0.551548,1
decision-reference-0367,0.917568,0.786831,0.819709,0.746186,0.0,0.479617,0.467469,0.859073,1
decision-reference-0368,0.180876,0.979608,0.223392,0.247315,1.0,0.644291,0.49108,0.572404,1
decision-reference-0369,0.784512,0.575328,0.914698,0.625455,1.0,0.110861,0.938204,0.020624,1
decision-reference-0370,0.532682,0.402607,0.13488,0.859951,1.0,0.294453,0.653551,0.427724,1
decision-reference-0371,0.672139,0.441958,0.281236,0.257543,0.0,0.38411,0.021731,0.493715,0
decision-reference-0372,0.900909,0.397283,0.294371,0.15183,1.0,0.357796,0.306152,0.03684,0
decision-reference-0373,0.801526,0.090523,0.124653,0.830268,1.0,0.279572,0.962877,0.94755,1
decision-reference-0374,0.058547,0.728823,0.209952,0.027364,0.0,0.213919,0.942826,0.026631,0
decision-reference-0375,0.167748,0.436692,0.796897,0.94458,1.0,0.954389,0.079089,0.64116,1
decision-reference-0376,0.704238,0.727764,0.1632,0.98428,1.0,0.509451,0.138503,0.720247,1
decision-reference-0377,0.37272,0.042742,0.396881,0.129801,1.0,0.851398,0.977208,0.23543,0
decision-reference-0378,0.711183,0.577251,0.592508,0.710804,1.0,0.704824,0.258713,0.237462,1
decision-reference-0379,0.847091,0.131728,0.831484,0.992835,1.0,0.168643,0.023229,0.519344,1
decision-reference-0380,0.015453,0.751289,0.928619,0.972496,1.0,0.440811,0.612799,0.777837,1
decision-reference-0381,0.624547,0.790943,0.200557,0.040429,0.0,0.983386,0.664268,0.895261,0
decision-reference-0382,0.701558,0.141489,0.407872,0.484942,1.0,0.021541,0.23469,0.726905,1
decision-reference-0383,0.571552,0.968097,0.25667,0.306086,1.0,0.263727,0.129355,0.065965,1
decision-reference-0384,0.22525,0.088249,0.265979,0.498902,1.0,0.590829,0.788618,0.13298,0
decision-reference-0385,0.176208,0.446108,0.796384,0.157392,1.0,0.969179,0.80663,0.211447,1
decision-reference-0386,0.422105,0.990704,0.850989,0.202653,1.0,0.806147,0.901725,0.962477,1
decision-reference-0387,0.514826,0.830647,0.20786,0.235623,1.0,0.054819,0.671369,0.995034,1
decision-reference-0388,0.807772,0.06687,0.479709,0.797772,1.0,0.550202,0.38902,0.10871,1
decision-reference-0389,0.413001,0.811464,0.924707,0.441855,1.0,0.107677,0.404618,0.060019,1
decision-reference-0390,0.249012,0.576186,0.191946,0.395782,0.0,0.475431,0.497917,0.123562,0
decision-reference-0391,0.220769,0.576773,0.243917,0.859317,0.0,0.648161,0.525845,0.480432,0
decision-reference-0392,0.034743,0.630894,0.353656,0.695884,1.0,0.204084,0.707146,0.581061,1
decision-reference-0393,0.482873,0.599638,0.198888,0.517859,1.0,0.077201,0.833667,0.934018,1
decision-reference-0394,0.61561,0.847195,0.112687,0.879015,1.0,0.019401,0.853309,0.219541,1
decision-reference-0395,0.762952,0.704937,0.364668,0.116427,1.0,0.227027,0.436652,0.62762,1
decision-reference-0396,0.889992,0.792009,0.371038,0.121178,0.0,0.817604,0.539298,0.512385,0
decision-reference-0397,0.470831,0.042687,0.904942,0.336036,1.0,0.338138,0.907434,0.784159,0
decision-reference-0398,0.815251,0.938765,0.499431,0.727232,1.0,0.478372,0.554057,0.391561,1
decision-reference-0399,0.931139,0.754813,0.069503,0.981606,1.0,0.020607,0.468384,0.14035,1
decision-reference-0400,0.729735,0.803429,0.81341,0.532344,0.0,0.397498,0.421962,0.630748,1
decision-reference-0401,0.668054,0.170637,0.433218,0.439407,0.0,0.698508,0.544146,0.506547,0
decision-reference-0402,0.717308,0.657559,0.440572,0.476056,1.0,0.830709,0.899236,0.981545,1
decision-reference-0403,0.526905,0.976872,0.975561,0.594638,1.0,0.842454,0.759424,0.325845,1
decision-reference-0404,0.459582,0.255022,0.851558,0.801996,1.0,0.049807,0.758988,0.134773,1
decision-reference-0405,0.835067,0.063717,0.832668,0.009696,1.0,0.6785,0.830944,0.219735,1
decision-reference-0406,0.532011,0.01717,0.374836,0.78049,1.0,0.83046,0.20385,0.774149,1
decision-reference-0407,0.013506,0.537548,0.919025,0.193429,1.0,0.15957,0.5696,0.35222,0
decision-reference-0408,0.294013,0.565847,0.705149,0.130581,1.0,0.511525,0.859389,0.154563,0
decision-reference-0409,0.119609,0.053624,0.953002,0.288477,1.0,0.424213,0.550622,0.690099,0
decision-reference-0410,0.919514,0.572265,0.306882,0.806334,0.0,0.358836,0.778948,0.876711,1
decision-reference-0411,0.165973,0.590013,0.061591,0.128081,1.0,0.522914,0.291273,0.162417,0
decision-reference-0412,0.965536,0.13937,0.41532,0.926822,1.0,0.514849,0.510419,0.427976,1
decision-reference-0413,0.845375,0.548715,0.057574,0.860009,1.0,0.714288,0.507091,0.388737,1
decision-reference-0414,0.948407,0.437996,0.057942,0.877402,1.0,0.005099,0.641502,0.300549,1
decision-reference-0415,0.872967,0.732283,0.812423,0.735019,1.0,0.944446,0.299918,0.720235,1
decision-reference-0416,0.845391,0.191954,0.12387,0.482114,1.0,0.369586,0.140077,0.163504,0
decision-reference-0417,0.990454,0.785769,0.023085,0.407969,1.0,0.245044,0.900927,0.89517,1
decision-reference-0418,0.734242,0.566339,0.051622,0.608153,1.0,0.735861,0.693704,0.795179,1
decision-reference-0419,0.609108,0.676804,0.24537,0.75252,1.0,0.773476,0.404775,0.119469,1
decision-reference-0420,0.257942,0.69654,0.147133,0.618141,0.0,0.086961,0.810359,0.459199,0
decision-reference-0421,0.304283,0.199365,0.034304,0.138844,1.0,0.212176,0.921742,0.00032,0
decision-reference-0422,0.775627,0.685331,0.016825,0.677372,0.0,0.207203,0.187242,0.710555,0
decision-reference-0423,0.885227,0.15491,0.662388,0.451585,1.0,0.607406,0.627265,0.476438,1
decision-reference-0424,0.540949,0.400511,0.434404,0.007423,1.0,0.53023,0.737251,0.186328,0
decision-reference-0425,0.753324,0.608818,0.333757,0.458467,1.0,0.660527,0.365856,0.59763,1
decision-reference-0426,0.608014,0.437744,0.431065,0.782761,1.0,0.19371,0.580207,0.697682,1
decision-reference-0427,0.214768,0.774235,0.046095,0.719013,1.0,0.903863,0.423686,0.888369,1
decision-reference-0428,0.969424,0.429293,0.128815,0.379488,1.0,0.431153,0.902157,0.667163,1
decision-reference-0429,0.266817,0.528334,0.131947,0.211076,1.0,0.478366,0.590282,0.566971,0
decision-reference-0430,0.522012,0.269221,0.620429,0.371944,1.0,0.957617,0.12668,0.782578,0
decision-reference-0431,0.3182,0.329174,0.957264,0.913096,1.0,0.481424,0.136756,0.002559,1
decision-reference-0432,0.469782,0.323293,0.218818,0.760482,1.0,0.132997,0.58302,0.150073,1
decision-reference-0433,0.088047,0.521132,0.255424,0.720403,1.0,0.423469,0.378934,0.427282,0
decision-reference-0434,0.803258,0.928965,0.03679,0.111456,1.0,0.830267,0.197169,0.351452,1
decision-reference-0435,0.283539,0.781017,0.889607,0.936775,0.0,0.593902,0.643016,0.144816,1
decision-reference-0436,0.711267,0.768471,0.901616,0.860195,0.0,0.427779,0.86609,0.779839,1
decision-reference-0437,0.347875,0.709407,0.485529,0.204033,1.0,0.818949,0.664524,0.484291,1
decision-reference-0438,0.489718,0.24509,0.462495,0.664416,1.0,0.846839,0.52113,0.226196,1
decision-reference-0439,0.53833,0.635435,0.595973,0.526469,1.0,0.395018,0.266258,0.364537,1
decision-reference-0440,0.194724,0.352628,0.016866,0.55979,0.0,0.437544,0.11391,0.912172,0
decision-reference-0441,0.057084,0.551222,0.428043,0.368179,1.0,0.122936,0.236607,0.105794,0
decision-reference-0442,0.268933,0.051702,0.772968,0.793283,1.0,0.205054,0.689765,0.377153,0
decision-reference-0443,0.979488,0.632487,0.576844,0.121851,1.0,0.949521,0.860807,0.006854,1
decision-reference-0444,0.860187,0.376091,0.576452,0.14506,1.0,0.347743,0.757207,0.761981,1
decision-reference-0445,0.539698,0.108742,0.504507,0.113625,1.0,0.112095,0.966845,0.276475,0
decision-reference-0446,0.968836,0.347725,0.125499,0.45164,1.0,0.773217,0.029998,0.317897,1
decision-reference-0447,0.891125,0.158933,0.351378,0.261855,1.0,0.231767,0.098233,0.544574,1
decision-reference-0448,0.32255,0.228085,0.664594,0.151183,0.0,0.208984,0.785992,0.363056,0
decision-reference-0449,0.777174,0.690987,0.434223,0.17294,1.0,0.593393,0.91777,0.501894,1
decision-reference-0450,0.248622,0.358363,0.78239,0.117497,1.0,0.541023,0.16601,0.566821,0
decision-reference-0451,0.056427,0.607852,0.472084,0.347928,1.0,0.877998,0.554627,0.624364,1
decision-reference-0452,0.181617,0.985256,0.209982,0.487887,1.0,0.815914,0.531473,0.012858,1
decision-reference-0453,0.912791,0.592944,0.964993,0.797855,1.0,0.34579,0.479254,0.727186,1
decision-reference-0454,0.776841,0.412676,0.06879,0.22012,1.0,0.267235,0.732944,0.508534,0
decision-reference-0455,0.724413,0.221162,0.29125,0.952932,1.0,0.190868,0.690326,0.357841,1
decision-reference-0456,0.47752,0.633358,0.725693,0.833933,1.0,0.019824,0.190458,0.512632,1
decision-reference-0457,0.490292,0.894702,0.486449,0.523128,0.0,0.426737,0.97742,0.445427,1
decision-reference-0458,0.170401,0.245693,0.428006,0.447358,1.0,0.83719,0.266753,0.993351,0
decision-reference-0459,0.042491,0.667956,0.242485,0.226969,1.0,0.930195,0.140514,0.65563,0
decision-reference-0460,0.389468,0.549107,0.799475,0.483861,1.0,0.735948,0.800915,0.557708,1
decision-reference-0461,0.066981,0.135602,0.102369,0.214937,1.0,0.36388,0.270875,0.073406,0
decision-reference-0462,0.919912,0.501052,0.456105,0.118839,1.0,0.084337,0.614451,0.287777,1
decision-reference-0463,0.968461,0.398071,0.717143,0.475183,1.0,0.795292,0.896771,0.943532,1
decision-reference-0464,0.765947,0.211954,0.028906,0.557762,1.0,0.135057,0.112543,0.828956,0
decision-reference-0465,0.048489,0.826087,0.014327,0.559132,0.0,0.358018,0.550709,0.326771,0
decision-reference-0466,0.057315,0.308693,0.137917,0.897218,1.0,0.23478,0.869704,0.296745,0
decision-reference-0467,0.715592,0.103737,0.039179,0.995338,0.0,0.483001,0.606824,0.78124,0
decision-reference-0468,0.101765,0.21576,0.873444,0.859822,1.0,0.715262,0.972725,0.314391,1
decision-reference-0469,0.539598,0.545074,0.744849,0.8513,0.0,0.648813,0.819218,0.462643,1
decision-reference-0470,0.82566,0.160036,0.368226,0.476738,1.0,0.868906,0.755699,0.147919,1
decision-reference-0471,0.615291,0.506859,0.81098,0.749533,0.0,0.425464,0.316069,0.676419,1
decision-reference-0472,0.606605,0.404451,0.920522,0.650978,0.0,0.542951,0.102088,0.412488,1
decision-reference-0473,0.632101,0.120805,0.338467,0.983269,1.0,0.90277,0.621543,0.38437,1
decision-reference-0474,0.346447,0.502315,0.469282,0.134108,1.0,0.179997,0.365834,0.464026,0
decision-reference-0475,0.059057,0.367464,0.926773,0.176019,1.0,0.188091,0.651181,0.388232,0
decision-reference-0476,0.696711,0.756998,0.621999,0.218285,1.0,0.692893,0.485401,0.489732,1
decision-reference-0477,0.03091,0.542393,0.11951,0.820484,0.0,0.640722,0.753079,0.028461,0
decision-reference-0478,0.917282,0.36338,0.985822,0.415001,1.0,0.501697,0.88181,0.643356,1
decision-reference-0479,0.07476,0.027548,0.117521,0.628548,0.0,0.291037,0.018519,0.053707,0
decision-reference-0480,0.575794,0.344923,0.253294,0.351091,1.0,0.403072,0.930784,0.835671,1
decision-reference-0481,0.086722,0.939515,0.383218,0.32986,1.0,0.548302,0.697718,0.377923,0
decision-reference-0482,0.224648,0.505714,0.44523,0.349754,1.0,0.719935,0.022728,0.319321,0
decision-reference-0483,0.686162,0.471817,0.853419,0.089121,0.0,0.861022,0.310487,0.09604,0
decision-reference-0484,0.781485,0.606667,0.117721,0.436853,1.0,0.719887,0.555519,0.000918,1
decision-reference-0485,0.120767,0.247521,0.168469,0.450287,1.0,0.99696,0.876312,0.944066,1
decision-reference-0486,0.674279,0.952639,0.049068,0.192456,1.0,0.858989,0.866883,0.292846,1
decision-reference-0487,0.392931,0.943058,0.84314,0.62127,1.0,0.105695,0.887526,0.040794,1
decision-reference-0488,0.278251,0.64868,0.594145,0.63527,1.0,0.089731,0.497395,0.667378,0
decision-reference-0489,0.757453,0.387938,0.744004,0.154207,1.0,0.818034,0.015561,0.242006,1
decision-reference-0490,0.845797,0.339156,0.981268,0.545338,0.0,0.948013,0.868905,0.094338,1
decision-reference-0491,0.973254,0.257312,0.825487,0.416052,1.0,0.775053,0.330201,0.222217,1
decision-reference-0492,0.230118,0.099558,0.876953,0.989525,1.0,0.693456,0.544361,0.170144,1
decision-reference-0493,0.754519,0.886481,0.100989,0.082086,1.0,0.542944,0.04616,0.054223,0
decision-reference-0494,0.570222,0.236973,0.892653,0.289867,0.0,0.818381,0.118629,0.591078,0
decision-reference-0495,0.469953,0.386697,0.219794,0.208499,1.0,0.945399,0.577128,0.32418,1
decision-reference-0496,0.732453,0.334366,0.370413,0.772098,1.0,0.535964,0.220266,0.225653,1
decision-reference-0497,0.486312,0.779239,0.500677,0.171323,1.0,0.993181,0.78334,0.701173,1
decision-reference-0498,0.710053,0.801804,0.607147,0.755206,1.0,0.961261,0.651413,0.624057,1
decision-reference-0499,0.970559,0.724895,0.818654,0.005478,1.0,0.031013,0.496426,0.428036,1
decision-reference-0500,0.314415,0.983429,0.448296,0.35601,1.0,0.410417,0.441336,0.361158,1
decision-reference-0501,0.302663,0.136495,0.206284,0.836491,0.0,0.593768,0.356736,0.363022,0
decision-reference-0502,0.600938,0.382162,0.205952,0.39532,1.0,0.726876,0.938722,0.459162,1
decision-reference-0503,0.885157,0.267152,0.197736,0.552533,0.0,0.142565,0.511363,0.076722,0
decision-reference-0504,0.360486,0.573569,0.508862,0.234534,1.0,0.768417,0.130404,0.930528,1
decision-reference-0505,0.843013,0.837068,0.310055,0.457033,0.0,0.066678,0.729392,0.496802,1
decision-reference-0506,0.214683,0.767933,0.061826,0.985732,0.0,0.962705,0.098172,0.699894,0
decision-reference-0507,0.98948,0.572775,0.466016,0.132755,1.0,0.620813,0.814775,0.878424,1
decision-reference-0508,0.308121,0.030153,0.005497,0.967658,1.0,0.596371,0.865761,0.687994,0
decision-reference-0509,0.652693,0.083575,0.379262,0.64698,0.0,0.714858,0.126678,0.79093,0
decision-reference-0510,0.263381,0.437324,0.752285,0.04566,1.0,0.475802,0.208138,0.332138,0
decision-reference-0511,0.314101,0.059486,0.296606,0.683229,1.0,0.833371,0.592638,0.7037,1
decision-reference-0512,0.46911,0.288195,0.504468,0.729519,1.0,0.126544,0.171685,0.671057,0
decision-reference-0513,0.896755,0.966802,0.718306,0.361911,1.0,0.834197,0.464386,0.942709,1
decision-reference-0514,0.657554,0.167066,0.961609,0.208164,1.0,0.098594,0.078789,0.86843,0
decision-reference-0515,0.982418,0.121433,0.625823,0.943653,1.0,0.982881,0.149251,0.855706,1
decision-reference-0516,0.352643,0.035619,0.780629,0.171991,1.0,0.803741,0.825264,0.09993,0
decision-reference-0517,0.575987,0.002079,0.236692,0.355638,1.0,0.380288,0.788007,0.152818,0
decision-reference-0518,0.662339,0.722203,0.323073,0.52022,1.0,0.508367,0.843641,0.532611,1
decision-reference-0519,0.123116,0.629925,0.740166,0.45117,0.0,0.429514,0.264507,0.960116,0
decision-reference-0520,0.4532,0.058313,0.318219,0.212257,1.0,0.928444,0.710695,0.552543,0
decision-reference-0521,0.356502,0.440003,0.357659,0.473319,1.0,0.931539,0.292791,0.832377,1
decision-reference-0522,0.532373,0.269176,0.749557,0.484065,1.0,0.33095,0.529497,0.158238,1
decision-reference-0523,0.020557,0.357587,0.54971,0.269577,1.0,0.375495,0.929594,0.166444,0
decision-reference-0524,0.624779,0.865767,0.221014,0.636463,1.0,0.801879,0.254402,0.905558,1
decision-reference-0525,0.276663,0.103688,0.002506,0.845716,1.0,0.867758,0.878264,0.985033,1
decision-reference-0526,0.894829,0.110096,0.648216,0.168378,1.0,0.041326,0.176307,0.548718,0
decision-reference-0527,0.959526,0.971898,0.27284,0.234119,1.0,0.019269,0.812006,0.477099,1
decision-reference-0528,0.23856,0.271627,0.882275,0.240375,1.0,0.392069,0.813992,0.569015,0
decision-reference-0529,0.960045,0.609297,0.008463,0.184917,1.0,0.84284,0.775118,0.786408,1
decision-reference-0530,0.443241,0.965851,0.411273,0.716903,1.0,0.44336,0.166782,0.52476,1
decision-reference-0531,0.059314,0.178753,0.133272,0.557198,1.0,0.355474,0.551261,0.593291,0
decision-reference-0532,0.4087,0.978094,0.319609,0.304975,1.0,0.635214,0.929068,0.621163,1
decision-reference-0533,0.393893,0.999064,0.265939,0.307317,1.0,0.099594,0.470016,0.280612,0
decision-reference-0534,0.983183,0.902482,0.119079,0.896111,1.0,0.959601,0.568449,0.667277,1
decision-reference-0535,0.807411,0.35965,0.736144,0.15422,0.0,0.650239,0.743073,0.238411,0
decision-reference-0536,0.616446,0.005269,0.46128,0.995173,0.0,0.798264,0.084055,0.694951,1
decision-reference-0537,0.576311,0.94507,0.632743,0.335503,1.0,0.590159,0.121142,0.929276,1
decision-reference-0538,0.061975,0.503108,0.098226,0.125012,1.0,0.016086,0.478809,0.56767,0
decision-reference-0539,0.073821,0.937321,0.583866,0.613839,1.0,0.93899,0.474828,0.792925,1
decision-reference-0540,0.375301,0.958266,0.495429,0.796764,1.0,0.110436,0.275178,0.828358,1
decision-reference-0541,0.556985,0.444809,0.458353,0.479488,1.0,0.724942,0.010984,0.936563,1
decision-reference-0542,0.271495,0.00264,0.056304,0.636401,1.0,0.179264,0.11824,0.790807,0
decision-reference-0543,0.538408,0.709316,0.031385,0.273788,1.0,0.037707,0.473259,0.213764,1
decision-reference-0544,0.350318,0.060313,0.861498,0.897012,0.0,0.904778,0.043535,0.069563,0
decision-reference-0545,0.31815,0.421946,0.339734,0.736172,1.0,0.54456,0.024946,0.779821,1
decision-reference-0546,0.347503,0.909093,0.010479,0.821352,1.0,0.851859,0.361407,0.400452,1
decision-reference-0547,0.538826,0.5792,0.230251,0.153682,1.0,0.864178,0.356769,0.861362,0
decision-reference-0548,0.730864,0.936804,0.140577,0.817112,0.0,0.960182,0.154824,0.307631,1
decision-reference-0549,0.621283,0.144717,0.062101,0.276213,1.0,0.87499,0.915323,0.203173,0
decision-reference-0550,0.518188,0.050101,0.603694,0.800481,1.0,0.710988,0.279265,0.001007,1
decision-reference-0551,0.75298,0.345699,0.712915,0.598307,1.0,0.557677,0.154146,0.431996,1
decision-reference-0552,0.132518,0.218163,0.193871,0.567911,1.0,0.513135,0.623241,0.596914,0
decision-reference-0553,0.00427,0.751179,0.104529,0.040579,1.0,0.860415,0.268994,0.359992,0
decision-reference-0554,0.390291,0.165574,0.763123,0.355478,1.0,0.042772,0.754563,0.760675,1
decision-reference-0555,0.823136,0.839235,0.208815,0.717284,1.0,0.749082,0.680481,0.26619,1
decision-reference-0556,0.453183,0.211785,0.378881,0.356605,1.0,0.655427,0.249915,0.411084,0
decision-reference-0557,0.085045,0.564154,0.699102,0.140518,1.0,0.547034,0.840041,0.253606,1
decision-reference-0558,0.499164,0.601721,0.180495,0.100564,1.0,0.912013,0.144591,0.539168,1
decision-reference-0559,0.254535,0.094618,0.193256,0.326915,0.0,0.663064,0.765478,0.53601,0
decision-reference-0560,0.106121,0.82435,0.562362,0.710065,1.0,0.116093,0.535628,0.714589,1
decision-reference-0561,0.295758,0.950434,0.047036,0.684569,1.0,0.658894,0.812746,0.408375,1
decision-reference-0562,0.991218,0.611001,0.197667,0.923667,1.0,0.703884,0.081403,0.055552,1
decision-reference-0563,0.04953,0.776928,0.957639,0.80437,1.0,0.050504,0.574139,0.831092,1
decision-reference-0564,0.044062,0.826632,0.721078,0.472228,1.0,0.378222,0.017147,0.929505,1
decision-reference-0565,0.532013,0.673081,0.231463,0.613588,0.0,0.730025,0.25553,0.757754,1
decision-reference-0566,0.053123,0.824314,0.703426,0.56879,1.0,0.761442,0.348162,0.721779,1
decision-reference-0567,0.653407,0.760046,0.706529,0.010162,1.0,0.292826,0.033018,0.264556,1
decision-reference-0568,0.355926,0.539046,0.924376,0.869196,1.0,0.534598,0.759089,0.613603,1
decision-reference-0569,0.201705,0.777809,0.068973,0.041674,1.0,0.083373,0.167147,0.457444,0
decision-reference-0570,0.245925,0.992897,0.468036,0.420987,1.0,0.562226,0.718816,0.605451,1
decision-reference-0571,0.234388,0.371333,0.854012,0.2209,0.0,0.581075,0.440117,0.733927,0
decision-reference-0572,0.327026,0.052577,0.231945,0.171231,1.0,0.192105,0.854097,0.404377,0
decision-reference-0573,0.823345,0.954847,0.799632,0.252638,1.0,0.700785,0.419131,0.665495,1
decision-reference-0574,0.784531,0.123982,0.952628,0.281886,1.0,0.628465,0.681044,0.092568,1
decision-reference-0575,0.943816,0.278258,0.167845,0.332075,1.0,0.994025,0.342282,0.838029,1
decision-reference-0576,0.242323,0.822366,0.225217,0.06234,1.0,0.61177,0.871698,0.963897,0
decision-reference-0577,0.704919,0.593052,0.260189,0.893895,1.0,0.423767,0.477149,0.878715,1
decision-reference-0578,0.596673,0.816241,0.572422,0.272513,0.0,0.849212,0.692443,0.584414,1
decision-reference-0579,0.863898,0.57106,0.648354,0.556495,1.0,0.114489,0.470503,0.288424,1
decision-reference-0580,0.91265,0.8038,0.92495,0.164083,1.0,0.677615,0.864916,0.329755,1
decision-reference-0581,0.031605,0.397091,0.978174,0.491016,1.0,0.07431,0.866604,0.139459,0
decision-reference-0582,0.693772,0.12494,0.631676,0.208427,1.0,0.546435,0.461443,0.841007,1
decision-reference-0583,0.141504,0.764364,0.943398,0.347594,1.0,0.11657,0.947269,0.111565,0
decision-reference-0584,0.293329,0.744458,0.360325,0.61728,1.0,0.000809,0.303351,0.569501,1
decision-reference-0585,0.78133,0.215161,0.693073,0.852218,1.0,0.729335,0.083674,0.07713,1
decision-reference-0586,0.044423,0.605868,0.511984,0.569503,1.0,0.56901,0.106117,0.110797,0
decision-reference-0587,0.889649,0.130044,0.361729,0.171053,1.0,0.129916,0.43221,0.065875,0
decision-reference-0588,0.53394,0.577952,0.449194,0.216507,1.0,0.165461,0.764403,0.198983,0
decision-reference-0589,0.336988,0.396311,0.52328,0.761676,1.0,0.037293,0.76408,0.812405,1
decision-reference-0590,0.526545,0.557384,0.813471,0.829106,1.0,0.062159,0.060416,0.516433,1
decision-reference-0591,0.4742,0.612506,0.984804,0.712785,1.0,0.327227,0.242945,0.951736,1
decision-reference-0592,0.127447,0.81429,0.60374,0.787926,1.0,0.036646,0.664287,0.324402,0
decision-reference-0593,0.574381,0.63115,0.890419,0.959386,0.0,0.379783,0.889758,0.173412,1
decision-reference-0594,0.911896,0.16055,0.865862,0.837113,1.0,0.028501,0.249184,0.133506,1
decision-reference-0595,0.048152,0.116583,0.864686,0.864851,0.0,0.655493,0.318702,0.234397,0
decision-reference-0596,0.238473,0.255043,0.674412,0.254656,0.0,0.643222,0.974224,0.513034,0
decision-reference-0597,0.164111,0.001698,0.260428,0.179567,1.0,0.413401,0.734613,0.153704,0
decision-reference-0598,0.271178,0.286489,0.256714,0.656625,1.0,0.787734,0.370204,0.644492,0
decision-reference-0599,0.356166,0.262073,0.287087,0.646236,1.0,0.654169,0.416624,0.893433,1
decision-reference-0600,0.638063,0.468636,0.482343,0.692681,1.0,0.264809,0.915428,0.08982,1
decision-reference-0601,0.3974,0.881888,0.168612,0.957783,1.0,0.638525,0.767424,0.739857,1
decision-reference-0602,0.995451,0.852794,0.096899,0.310139,0.0,0.266833,0.839434,0.348197,1
decision-reference-0603,0.444169,0.423883,0.332673,0.691118,0.0,0.505185,0.651066,0.416772,0
decision-reference-0604,0.058077,0.363358,0.889648,0.19023,1.0,0.273846,0.781213,0.379224,0
decision-reference-0605,0.565376,0.654576,0.086239,0.663683,1.0,0.085989,0.595914,0.152338,1
decision-reference-0606,0.890668,0.011502,0.975982,0.9757,1.0,0.747718,0.262028,0.19944,1
decision-reference-0607,0.353905,0.644844,0.205739,0.376886,1.0,0.164525,0.318104,0.1176,0
decision-reference-0608,0.647776,0.953448,0.676248,0.850778,1.0,0.051971,0.821304,0.399075,1
decision-reference-0609,0.763068,0.879291,0.720265,0.658632,0.0,0.58932,0.807532,0.889883,1
decision-reference-0610,0.509159,0.939184,0.827956,0.306489,1.0,0.834436,0.524366,0.146176,1
decision-reference-0611,0.007453,0.194483,0.494012,0.475447,1.0,0.595941,0.911046,0.311547,0
decision-reference-0612,0.321415,0.072558,0.590721,0.345957,1.0,0.06629,0.877121,0.293887,0
decision-reference-0613,0.799958,0.674676,0.611504,0.711705,1.0,0.514733,0.67633,0.920052,1
decision-reference-0614,0.580296,0.019698,0.320319,0.630357,1.0,0.182334,0.980659,0.814611,1
decision-reference-0615,0.290671,0.818557,0.65831,0.183325,1.0,0.026074,0.108351,0.928505,0
decision-reference-0616,0.750288,0.069652,0.213347,0.951402,1.0,0.733002,0.114361,0.403391,1
decision-reference-0617,0.433686,0.307439,0.453286,0.637232,1.0,0.221402,0.832758,0.990757,1
decision-reference-0618,0.261753,0.2291,0.574102,0.608286,1.0,0.292319,0.687618,0.749875,1
decision-reference-0619,0.760984,0.5835,0.170729,0.741672,1.0,0.29432,0.688546,0.899269,1
decision-reference-0620,0.103749,0.118542,0.149434,0.456217,0.0,0.535916,0.158921,0.013807,0
decision-reference-0621,0.973625,0.127549,0.008606,0.939857,1.0,0.292764,0.34759,0.344327,1
decision-reference-0622,0.751054,0.309124,0.788664,0.460884,1.0,0.389532,0.354631,0.680653,1
decision-reference-0623,0.454311,0.469656,0.9742,0.088511,1.0,0.677431,0.47597,0.59057,1
decision-reference-0624,0.031699,0.966933,0.092257,0.282615,0.0,0.317245,0.161294,0.600338,0
decision-reference-0625,0.425895,0.247165,0.02493,0.476499,1.0,0.321358,0.357946,0.624219,0
decision-reference-0626,0.835834,0.32678,0.706681,0.046146,1.0,0.1248,0.7436,0.106844,1
decision-reference-0627,0.738015,0.606408,0.765929,0.448021,1.0,0.382054,0.235902,0.654566,1
decision-reference-0628,0.548448,0.897922,0.258693,0.692235,1.0,0.137308,0.93567,0.722541,1
decision-reference-0629,0.766349,0.440593,0.715991,0.528002,0.0,0.068765,0.942286,0.20339,1
decision-reference-0630,0.09796,0.272817,0.21492,0.870034,1.0,0.050346,0.244762,0.970643,0
decision-reference-0631,0.99604,0.022307,0.217277,0.628074,1.0,0.582743,0.884498,0.937052,1
decision-reference-0632,0.517085,0.047647,0.631057,0.553723,1.0,0.871819,0.285622,0.012995,1
decision-reference-0633,0.34892,0.643068,0.135887,0.891829,1.0,0.989224,0.287822,0.665773,1
decision-reference-0634,0.47279,0.911292,0.584177,0.037138,0.0,0.135628,0.689226,0.487369,0
decision-reference-0635,0.528316,0.524409,0.62049,0.368858,1.0,0.423204,0.019794,0.28964,0
decision-reference-0636,0.142492,0.601021,0.182893,0.571085,1.0,0.51284,0.451863,0.116926,0
decision-reference-0637,0.780715,0.706053,0.645124,0.058965,0.0,0.824614,0.78634,0.151685,0
decision-reference-0638,0.707742,0.955412,0.175406,0.506202,0.0,0.865555,0.399184,0.184655,1
decision-reference-0639,0.087282,0.788807,0.84793,0.009881,1.0,0.795241,0.377732,0.226326,1
decision-reference-0640,0.981545,0.11618,0.304292,0.327516,1.0,0.74957,0.517832,0.490267,1
decision-reference-0641,0.451722,0.201821,0.85665,0.528337,1.0,0.562923,0.919524,0.862577,1
decision-reference-0642,0.757369,0.615446,0.861446,0.940013,1.0,0.837719,0.770422,0.989129,1
decision-reference-0643,0.813026,0.521189,0.827282,0.545827,1.0,0.747632,0.699376,0.64176,1
decision-reference-0644,0.516968,0.471155,0.39379,0.31757,0.0,0.566823,0.457424,0.053868,0
decision-reference-0645,0.206174,0.264439,0.077284,0.987761,1.0,0.921881,0.009222,0.925199,0
decision-reference-0646,0.919588,0.476769,0.624028,0.576256,1.0,0.436046,0.139282,0.940247,1
decision-reference-0647,0.700635,0.536513,0.327395,0.829873,1.0,0.166317,0.953444,0.619348,1
decision-reference-0648,0.459421,0.591355,0.090636,0.768888,1.0,0.569977,0.419205,0.830128,1
decision-reference-0649,0.207684,0.844713,0.174121,0.845406,1.0,0.168255,0.702952,0.195624,1
decision-reference-0650,0.236698,0.327728,0.120495,0.216631,0.0,0.364015,0.468498,0.155126,0
decision-reference-0651,0.363371,0.243104,0.141539,0.184369,1.0,0.368136,0.557213,0.484473,0
decision-reference-0652,0.211613,0.980856,0.368728,0.047416,1.0,0.963427,0.882639,0.753603,1
decision-reference-0653,0.870954,0.740058,0.291085,0.61553,1.0,0.109066,0.292336,0.044519,1
decision-reference-0654,0.751201,0.050817,0.695696,0.338489,0.0,0.860725,0.458483,0.790807,0
decision-reference-0655,0.541195,0.315676,0.527836,0.554869,0.0,0.773138,0.592728,0.529934,0
decision-reference-0656,0.007711,0.789088,0.490099,0.408858,1.0,0.559782,0.007313,0.131528,0
decision-reference-0657,0.112386,0.997846,0.595139,0.632318,1.0,0.330921,0.859853,0.850948,1
decision-reference-0658,0.957516,0.631364,0.434607,0.381092,1.0,0.554299,0.702652,0.660279,1
decision-reference-0659,0.071678,0.464115,0.194445,0.349127,1.0,0.147405,0.804055,0.695438,0
decision-reference-0660,0.458389,0.696324,0.680192,0.555669,0.0,0.249739,0.188976,0.822811,0
decision-reference-0661,0.757095,0.325345,0.281361,0.222589,1.0,0.389495,0.789998,0.109944,0
decision-reference-0662,0.806642,0.05441,0.437055,0.33147,1.0,0.390864,0.002993,0.135986,0
decision-reference-0663,0.522029,0.644493,0.218903,0.119118,1.0,0.766318,0.896135,0.630682,1
decision-reference-0664,0.225004,0.597417,0.624266,0.947628,1.0,0.18363,0.86311,0.799373,1
decision-reference-0665,0.444271,0.391294,0.832002,0.372949,1.0,0.102385,0.663507,0.289924,1
decision-reference-0666,0.037534,0.755888,0.469127,0.243951,1.0,0.007434,0.525294,0.323407,0
decision-reference-0667,0.207527,0.092044,0.39896,0.449698,1.0,0.787172,0.127019,0.772213,1
decision-reference-0668,0.215377,0.955121,0.345334,0.886099,1.0,0.868703,0.921417,0.799833,1
decision-reference-0669,0.159865,0.567216,0.416454,0.238374,1.0,0.946412,0.508161,0.851987,1
decision-reference-0670,0.403825,0.054833,0.279709,0.903464,0.0,0.789736,0.20511,0.03305,0
decision-reference-0671,0.774383,0.997378,0.033633,0.162929,1.0,0.463826,0.799478,0.401061,1
decision-reference-0672,0.824089,0.76829,0.393542,0.761987,1.0,0.556396,0.61529,0.439692,1
decision-reference-0673,0.158017,0.348082,0.747195,0.357294,1.0,0.548798,0.518013,0.796478,0
decision-reference-0674,0.281483,0.262786,0.414564,0.272235,1.0,0.599514,0.135421,0.945476,0
decision-reference-0675,0.764335,0.347854,0.818624,0.973499,1.0,0.020644,0.14278,0.625532,1
decision-reference-0676,0.059376,0.759712,0.575313,0.207792,1.0,0.836985,0.669286,0.70203,0
decision-reference-0677,0.989256,0.471927,0.273851,0.747501,1.0,0.573184,0.130686,0.697316,1
decision-reference-0678,0.293558,0.361563,0.669889,0.808374,1.0,0.225008,0.829217,0.407651,1
decision-reference-0679,0.026443,0.063488,0.790855,0.361213,1.0,0.744706,0.902915,0.124176,0
decision-reference-0680,0.905033,0.854416,0.597091,0.439523,1.0,0.892294,0.015868,0.576701,1
decision-reference-0681,0.815643,0.712218,0.318911,0.096737,1.0,0.563514,0.571358,0.668497,1
decision-reference-0682,0.09196,0.904348,0.286236,0.331739,0.0,0.591827,0.386737,0.95315,0
decision-reference-0683,0.90529,0.682147,0.541583,0.270096,1.0,0.29632,0.7652,0.638529,1
decision-reference-0684,0.439736,0.239429,0.83167,0.095769,1.0,0.087666,0.209484,0.011354,0
decision-reference-0685,0.842071,0.446453,0.017236,0.680689,1.0,0.550824,0.965065,0.686422,1
decision-reference-0686,0.071431,0.682282,0.262278,0.60802,1.0,0.49771,0.825994,0.867791,1
decision-reference-0687,0.547284,0.158361,0.079833,0.879449,1.0,0.510668,0.072765,0.527348,0
decision-reference-0688,0.055576,0.27858,0.319462,0.89171,1.0,0.051069,0.261632,0.862004,1
decision-reference-0689,0.889411,0.643599,0.887043,0.980665,0.0,0.704643,0.421396,0.33926,1
decision-reference-0690,0.831823,0.305372,0.30071,0.711619,1.0,0.73134,0.407222,0.940637,1
decision-reference-0691,0.275917,0.522022,0.501394,0.588803,1.0,0.268698,0.088582,0.81955,0
decision-reference-0692,0.172921,0.03301,0.01444,0.54195,1.0,0.320843,0.648298,0.189901,0
decision-reference-0693,0.774112,0.163644,0.293146,0.701377,1.0,0.527238,0.53522,0.599982,1
decision-reference-0694,0.826681,0.720944,0.594883,0.413426,1.0,0.591655,0.520111,0.92012,1
decision-reference-0695,0.115399,0.049398,0.295359,0.94063,1.0,0.17893,0.725618,0.334978,0
decision-reference-0696,0.13471,0.717173,0.803793,0.323343,1.0,0.434945,0.873916,0.846181,1
decision-reference-0697,0.509288,0.77023,0.770231,0.27002,0.0,0.168711,0.461628,0.231908,1
decision-reference-0698,0.686237,0.841726,0.426521,0.480529,1.0,0.561663,0.808268,0.698769,1
decision-reference-0699,0.532896,0.58442,0.029856,0.552525,1.0,0.221439,0.896189,0.031114,0
decision-reference-0700,0.770378,0.753269,0.42382,0.933112,1.0,0.511682,0.708712,0.538763,1
decision-reference-0701,0.917071,0.919551,0.26425,0.456625,1.0,0.816026,0.185534,0.235603,1
decision-reference-0702,0.34309,0.887446,0.234993,0.185822,1.0,0.043268,0.59467,0.581852,0
decision-reference-0703,0.295829,0.262101,0.25687,0.626723,1.0,0.124913,0.451816,0.796223,0
decision-reference-0704,0.937475,0.054964,0.324478,0.33539,1.0,0.511571,0.20989,0.771863,1
decision-reference-0705,0.20359,0.292567,0.355949,0.363679,1.0,0.855834,0.233738,0.674546,0
decision-reference-0706,0.349912,0.149588,0.094192,0.342724,1.0,0.317931,0.127098,0.697851,0
decision-reference-0707,0.266473,0.326943,0.743242,0.474998,1.0,0.487274,0.524273,0.481019,1
decision-reference-0708,0.319495,0.716542,0.755322,0.441704,1.0,0.402878,0.24459,0.925387,1
decision-reference-0709,0.77734,0.336083,0.424163,0.492513,1.0,0.130762,0.602536,0.978136,1
decision-reference-0710,0.26085,0.888305,0.820646,0.16121,0.0,0.29591,0.080693,0.666259,0
decision-reference-0711,0.312973,0.463401,0.490804,0.236032,1.0,0.609192,0.687392,0.587733,0
decision-reference-0712,0.80223,0.721868,0.29687,0.188681,1.0,0.956828,0.49043,0.540201,1
decision-reference-0713,0.143838,0.512035,0.467291,0.871357,0.0,0.174034,0.211032,0.369819,0
decision-reference-0714,0.139992,0.677949,0.73164,0.86681,1.0,0.923386,0.064038,0.944527,1
decision-reference-0715,0.125564,0.811469,0.64842,0.006846,1.0,0.769911,0.611517,0.283983,0
decision-reference-0716,0.830426,0.660558,0.544504,0.101923,1.0,0.149546,0.490858,0.623001,1
decision-reference-0717,0.136848,0.019711,0.038198,0.824643,1.0,0.790587,0.331603,0.018662,0
decision-reference-0718,0.720145,0.150739,0.33792,0.025097,1.0,0.604417,0.610745,0.82945,1
decision-reference-0719,0.770018,0.13212,0.027158,0.390172,1.0,0.014731,0.566591,0.852267,1
decision-reference-0720,0.905124,0.419255,0.505874,0.610361,1.0,0.698884,0.634065,0.404578,1
decision-reference-0721,0.309294,0.057505,0.546388,0.153591,0.0,0.214836,0.169034,0.889163,0
decision-reference-0722,0.57215,0.538485,0.748141,0.151952,1.0,0.596994,0.920055,0.620961,1
decision-reference-0723,0.244802,0.759725,0.54509,0.014497,1.0,0.347657,0.866165,0.521315,1
decision-reference-0724,0.011126,0.11214,0.54821,0.991504,1.0,0.624012,0.502789,0.627327,0
decision-reference-0725,0.23738,0.28286,0.598334,0.194919,0.0,0.818565,0.15314,0.741948,0
decision-reference-0726,0.428061,0.984943,0.518,0.838733,1.0,0.944683,0.988704,0.245629,1
decision-reference-0727,0.788237,0.962754,0.176369,0.93603,1.0,0.786187,0.099552,0.811706,1
decision-reference-0728,0.398275,0.828957,0.716861,0.974219,1.0,0.793561,0.737062,0.620781,1
decision-reference-0729,0.34512,0.833948,0.419726,0.957897,1.0,0.16954,0.41595,0.919394,1
decision-reference-0730,0.727442,0.050901,0.77115,0.803117,1.0,0.056048,0.73697,0.783278,1
decision-reference-0731,0.220605,0.888569,0.697089,0.544026,0.0,0.581774,0.439741,0.987158,1
decision-reference-0732,0.34934,0.037696,0.10731,0.999291,0.0,0.0534,0.365292,0.320621,0
decision-reference-0733,0.936288,0.658213,0.273006,0.17686,1.0,0.298455,0.624424,0.446576,1
decision-reference-0734,0.016658,0.359202,0.523168,0.05488,1.0,0.320279,0.409117,0.238965,0
decision-reference-0735,0.160486,0.696633,0.206788,0.194392,1.0,0.078792,0.016887,0.175645,0
decision-reference-0736,0.160195,0.763506,0.157387,0.338698,1.0,0.358793,0.466003,0.312718,0
decision-reference-0737,0.888347,0.687297,0.536586,0.504674,1.0,0.246428,0.379969,0.593695,1
decision-reference-0738,0.089158,0.777069,0.335409,0.054936,1.0,0.649384,0.525791,0.322497,0
decision-reference-0739,0.514803,0.494212,0.842074,0.348256,1.0,0.000112,0.833123,0.193687,1
decision-reference-0740,0.295078,0.960567,0.015873,0.879071,1.0,0.848716,0.129441,0.150292,1
decision-reference-0741,0.961528,0.269803,0.3367,0.381066,1.0,0.088207,0.106666,0.857116,1
decision-reference-0742,0.695421,0.592099,0.148939,0.818572,1.0,0.692539,0.113309,0.143482,1
decision-reference-0743,0.818581,0.521243,0.105956,0.154043,1.0,0.126953,0.435569,0.896228,0
decision-reference-0744,0.980893,0.527551,0.220573,0.10182,1.0,0.172696,0.987056,0.707117,1
decision-reference-0745,0.842964,0.972268,0.400666,0.856039,1.0,0.919874,0.280354,0.334539,1
decision-reference-0746,0.848916,0.137657,0.37459,0.231729,1.0,0.118915,0.16393,0.868402,0
decision-reference-0747,0.991925,0.238737,0.229131,0.509384,1.0,0.59579,0.559886,0.031924,1
decision-reference-0748,0.532588,0.238859,0.497075,0.87745,0.0,0.969805,0.830572,0.872338,1
decision-reference-0749,0.062772,0.677472,0.001102,0.764433,1.0,0.728581,0.787449,0.89687,1
decision-reference-0750,0.61851,0.808765,0.252784,0.000439,1.0,0.826652,0.288765,0.174204,1
decision-reference-0751,0.157544,0.325669,0.747525,0.729291,0.0,0.847142,0.535293,0.458874,0
decision-reference-0752,0.565604,0.659047,0.172823,0.070953,1.0,0.862113,0.316726,0.238667,1
decision-reference-0753,0.175466,0.840205,0.273398,0.749834,1.0,0.026287,0.574828,0.031359,1
decision-reference-0754,0.8089,0.041881,0.616706,0.694165,1.0,0.799625,0.18962,0.59717,1
decision-reference-0755,0.222757,0.869744,0.492314,0.396319,1.0,0.109491,0.251253,0.624031,1
decision-reference-0756,0.047884,0.823433,0.448681,0.090208,0.0,0.617887,0.987011,0.717538,0
decision-reference-0757,0.281667,1.8e-05,0.446649,0.039088,1.0,0.458262,0.219974,0.647392,0
decision-reference-0758,0.926346,0.628264,0.666608,0.299394,1.0,0.627108,0.018304,0.592177,1
decision-reference-0759,0.812201,0.639642,0.187818,0.664322,1.0,0.088519,0.476804,0.727399,1
decision-reference-0760,0.016708,0.559112,0.748693,0.597996,1.0,0.95114,0.997544,0.819782,1
decision-reference-0761,0.264629,0.080428,0.002488,0.426862,0.0,0.562477,0.405358,0.290068,0
decision-reference-0762,0.211796,0.829373,0.64839,0.795621,1.0,0.539125,0.52044,0.002124,1
decision-reference-0763,0.231806,0.79911,0.562917,0.643676,1.0,0.452883,0.724853,0.67354,1
decision-reference-0764,0.53124,0.559071,0.219892,0.927342,1.0,0.669046,0.736028,0.662393,1
decision-reference-0765,0.522024,0.371869,0.186451,0.042314,1.0,0.011001,0.751501,0.567126,0
decision-reference-0766,0.844563,0.771145,0.799361,0.296465,1.0,0.939249,0.950241,0.809337,1
decision-reference-0767,0.694208,0.852846,0.418767,0.672583,1.0,0.4847,0.189123,0.854954,1
decision-reference-0768,0.345451,0.867939,0.651774,0.400459,1.0,0.957416,0.874359,0.604655,1
decision-reference-0769,0.087607,0.91212,0.158717,0.853454,0.0,0.251597,0.233584,0.220621,0
decision-reference-0770,0.823316,0.11285,0.258318,0.663256,1.0,0.409112,0.164315,0.158876,1
decision-reference-0771,0.420835,0.981195,0.430313,0.055698,1.0,0.666067,0.194206,0.767947,1
decision-reference-0772,0.757835,0.699348,0.125295,0.496698,1.0,0.929316,0.767372,0.45635,1
decision-reference-0773,0.482119,0.448413,0.457496,0.526614,1.0,0.023868,0.40008,0.660503,0
decision-reference-0774,0.419393,0.481787,0.698703,0.008231,1.0,0.723786,0.279998,0.241509,0
decision-reference-0775,0.831966,0.716866,0.913866,0.187129,1.0,0.067662,0.156624,0.395401,1
decision-reference-0776,0.281728,0.101342,0.263204,0.911893,1.0,0.820977,0.632314,0.902525,1
decision-reference-0777,0.068336,0.607394,0.433025,0.163737,1.0,0.555054,0.234007,0.617873,0
decision-reference-0778,0.842846,0.42349,0.038258,0.658353,1.0,0.315605,0.583393,0.061937,1
decision-reference-0779,0.990554,0.854188,0.595418,0.324435,0.0,0.550367,0.507478,0.152152,1
decision-reference-0780,0.039682,0.090709,0.837825,0.309027,1.0,0.979451,0.703277,0.816158,1
decision-reference-0781,0.407376,0.202048,0.760575,0.735685,0.0,0.347884,0.296037,0.076529,0
decision-reference-0782,0.711756,0.43964,0.61746,0.121242,1.0,0.858529,0.379986,0.340258,1
decision-reference-0783,0.606271,0.583432,0.422189,0.519307,0.0,0.38818,0.329394,0.53244,0
decision-reference-0784,0.630178,0.367054,0.817427,0.227742,1.0,0.134586,0.212042,0.285824,1
decision-reference-0785,0.813567,0.354075,0.847626,0.458735,1.0,0.523054,0.00542,0.590358,1
decision-reference-0786,0.246947,0.447866,0.054688,0.800532,1.0,0.462913,0.409648,0.652723,1
decision-reference-0787,0.133747,0.830146,0.873628,0.65289,1.0,0.357265,0.566085,0.272541,1
decision-reference-0788,0.641093,0.674662,0.410559,0.465641,1.0,0.16565,0.659561,0.206034,1
decision-reference-0789,0.610806,0.652852,0.082112,0.603137,1.0,0.783803,0.437821,0.337185,1
decision-reference-0790,0.467886,0.233383,0.226998,0.617217,1.0,0.794097,0.618379,0.848095,0
decision-reference-0791,0.332681,0.143795,0.393543,0.429275,1.0,0.430975,0.473396,0.112663,0
decision-reference-0792,0.246841,0.976015,0.193177,0.041529,1.0,0.119788,0.99576,0.145346,0
decision-reference-0793,0.023844,0.538127,0.703234,0.777745,0.0,0.190483,0.279381,0.494058,0
decision-reference-0794,0.970668,0.110858,0.312786,0.447114,0.0,0.173214,0.858903,0.497825,1
decision-reference-0795,0.851189,0.527263,0.141409,0.563661,1.0,0.311759,0.848461,0.04998,1
decision-reference-0796,0.748943,0.640346,0.007378,0.639707,1.0,0.516018,0.951199,0.061538,1
decision-reference-0797,0.635431,0.204164,0.003928,0.448262,1.0,0.078123,0.978352,0.309519,0
decision-reference-0798,0.881955,0.5159,0.901096,0.628552,1.0,0.274196,0.574887,0.32003,1
decision-reference-0799,0.092731,0.947336,0.834431,0.97755,1.0,0.851859,0.429385,0.893471,1
decision-reference-0800,0.125485,0.845344,0.934119,0.802836,1.0,0.673492,0.715184,0.737625,1
decision-reference-0801,0.460369,0.138969,0.887749,0.059853,1.0,0.509822,0.671596,0.063183,0
decision-reference-0802,0.878035,0.701546,0.293451,0.129656,1.0,0.914284,0.797359,0.489751,1
decision-reference-0803,0.059912,0.716785,0.346113,0.330453,1.0,0.382057,0.539322,0.128268,0
decision-reference-0804,0.865207,0.087583,0.873195,0.909005,1.0,0.160433,0.08611,0.753911,1
decision-reference-0805,0.020207,0.552217,0.504787,0.364942,0.0,0.85795,0.433599,0.3944,0
decision-reference-0806,0.445219,0.468432,0.191071,0.059962,1.0,0.986261,0.92622,0.598257,1
decision-reference-0807,0.264481,0.820391,0.282837,0.244677,1.0,0.626521,0.342663,0.428015,1
decision-reference-0808,0.741659,0.667834,0.321738,0.208697,1.0,0.860888,0.583803,0.158628,1
decision-reference-0809,0.261292,0.703423,0.716939,0.155141,0.0,0.611211,0.116541,0.430544,0
decision-reference-0810,0.619931,0.548108,0.53875,0.971679,1.0,0.554969,0.855931,0.196616,1
decision-reference-0811,0.233215,0.669148,0.542818,0.807236,1.0,0.944813,0.036361,0.051293,1
decision-reference-0812,0.101958,0.459977,0.261034,0.710696,0.0,0.546748,0.279649,0.294337,0
decision-reference-0813,0.584107,0.786526,0.016479,0.873373,1.0,0.317866,0.104128,0.168862,1
decision-reference-0814,0.773036,0.009245,0.171446,0.995476,0.0,0.531768,0.506138,0.433542,1
decision-reference-0815,0.461367,0.417445,0.512093,0.685925,1.0,0.213237,0.447426,0.55403,1
decision-reference-0816,0.971477,0.140028,0.477238,0.225857,1.0,0.398173,0.419588,0.2773,1
decision-reference-0817,0.89377,0.908732,0.355229,0.223343,0.0,0.693661,0.315726,0.697471,1
decision-reference-0818,0.120636,0.289393,0.556177,0.391472,1.0,0.988048,0.182377,0.303283,0
decision-reference-0819,0.379165,0.047962,0.41231,0.731639,1.0,0.383477,0.740675,0.182931,0
decision-reference-0820,0.445988,0.771951,0.407674,0.685152,1.0,0.840747,0.825764,0.148409,1
decision-reference-0821,0.311347,0.2836,0.109657,0.143039,1.0,0.839343,0.525158,0.723649,0
decision-reference-0822,0.815989,0.705993,0.053846,0.899811,1.0,0.301184,0.35607,0.934274,1
decision-reference-0823,0.41688,0.783717,0.454992,0.249728,0.0,0.442435,0.248111,0.507403,0
decision-reference-0824,0.952569,0.414955,0.074987,0.028763,0.0,0.579827,0.035699,0.778585,0
decision-reference-0825,0.640218,0.464343,0.739061,0.93053,1.0,0.659683,0.525539,0.451342,1
decision-reference-0826,0.910592,0.56455,0.605969,0.042033,1.0,0.412445,0.029283,0.724368,1
decision-reference-0827,0.286549,0.841784,0.651438,0.028896,1.0,0.691876,0.962201,0.670004,1
decision-reference-0828,0.004065,0.042541,0.970493,0.781812,1.0,0.004767,0.825365,0.183584,1
decision-reference-0829,0.515553,0.707206,0.522414,0.369168,1.0,0.962563,0.680489,0.415764,1
decision-reference-0830,0.255655,0.110901,0.805945,0.448286,1.0,0.530077,0.696142,0.116349,0
decision-reference-0831,0.389966,0.142782,0.645729,0.274773,0.0,0.584427,0.507967,0.29757,0
decision-reference-0832,0.757582,0.479516,0.319501,0.372056,1.0,0.616943,0.624735,0.607073,1
decision-reference-0833,0.55751,0.537188,0.907495,0.218939,1.0,0.047665,0.233411,0.7241,1
decision-reference-0834,0.944486,0.653342,0.210798,0.898303,1.0,0.975237,0.473827,0.528794,1
decision-reference-0835,0.216215,0.19262,0.850175,0.492845,1.0,0.349746,0.330597,0.678368,0
decision-reference-0836,0.004667,0.241803,0.226724,0.63016,1.0,0.894601,0.836479,0.780545,0
decision-reference-0837,0.619368,0.08431,0.836551,0.68623,1.0,0.270422,0.177868,0.785251,1
decision-reference-0838,0.705096,0.13424,0.796046,0.417788,1.0,0.838406,0.672653,0.639344,1
decision-reference-0839,0.517803,0.223772,0.836121,0.325367,1.0,0.379968,0.576682,0.249739,1
decision-reference-0840,0.70241,0.695983,0.317858,0.56313,0.0,0.718244,0.187887,0.708243,1
decision-reference-0841,0.075166,0.580878,0.948721,0.269431,1.0,0.957799,0.664949,0.381988,1
decision-reference-0842,0.478564,0.592796,0.112555,0.446998,1.0,0.491796,0.405219,0.541696,0
decision-reference-0843,0.900155,0.862548,0.060332,0.153419,1.0,0.398281,0.387571,0.261577,1
decision-reference-0844,0.982683,0.752321,0.856694,0.556568,0.0,0.282024,0.645091,0.312945,1
decision-reference-0845,0.123782,0.999709,0.6806,0.776604,1.0,0.714512,0.98074,0.116532,1
decision-reference-0846,0.916086,0.680274,0.656902,0.174542,1.0,0.059765,0.811659,0.003024,1
decision-reference-0847,0.770713,0.381812,0.856477,0.577202,1.0,0.578465,0.594657,0.680372,1
decision-reference-0848,0.289808,0.333781,0.315975,0.880334,1.0,0.997651,0.409991,0.646734,1
decision-reference-0849,0.909018,0.860617,0.359387,0.303231,1.0,0.252935,0.937339,0.593102,1
decision-reference-0850,0.530355,0.175886,0.317311,0.554604,1.0,0.909014,0.281674,0.231556,1
decision-reference-0851,0.951089,0.555033,0.89138,0.436215,0.0,0.470051,0.828604,0.313703,1
decision-reference-0852,0.559022,0.348492,0.962715,0.959509,0.0,0.157331,0.136525,0.131038,0
decision-reference-0853,0.717475,0.149463,0.519081,0.798058,1.0,0.480428,0.85246,0.895269,1
decision-reference-0854,0.226779,0.778916,0.414827,0.918302,1.0,0.870011,0.595642,0.76047,1
decision-reference-0855,0.596778,0.517052,0.820358,0.912652,0.0,0.399106,0.206494,0.837485,1
decision-reference-0856,0.439011,0.467883,0.327428,0.275784,1.0,0.202423,0.785916,0.198813,0
decision-reference-0857,0.542487,0.749854,0.446322,0.072551,1.0,0.752495,0.094481,0.004205,0
decision-reference-0858,0.039284,0.400455,0.274701,0.406983,1.0,0.436861,0.607217,0.237624,0
decision-reference-0859,0.621403,0.505162,0.166298,0.989845,1.0,0.343937,0.942257,0.874347,1
decision-reference-0860,0.542611,0.81622,0.907292,0.582117,0.0,0.880855,0.826767,0.203375,1
decision-reference-0861,0.602585,0.812529,0.112369,0.516328,1.0,0.396094,0.948356,0.201822,1
decision-reference-0862,0.684613,0.757419,0.857585,0.67079,1.0,0.098102,0.568828,0.707846,1
decision-reference-0863,0.988197,0.22668,0.710097,0.037565,1.0,0.853044,0.901895,0.593379,1
decision-reference-0864,0.468652,0.295004,0.024014,0.480015,1.0,0.202008,0.651706,0.664459,0
decision-reference-0865,0.267633,0.82398,0.1049,0.612364,1.0,0.887466,0.524103,0.453859,1
decision-reference-0866,0.280294,0.970916,0.327459,0.804819,1.0,0.099961,0.897581,0.520488,1
decision-reference-0867,0.849964,0.647604,0.565423,0.480247,1.0,0.354599,0.936068,0.871408,1
decision-reference-0868,0.767902,0.296536,0.171185,0.893833,0.0,0.47974,0.232936,0.713071,1
decision-reference-0869,0.651936,0.527201,0.508614,0.902307,1.0,0.980262,0.212117,0.152478,1
decision-reference-0870,0.919341,0.572024,0.355673,0.797147,1.0,0.791485,0.645323,0.051607,1
decision-reference-0871,0.686951,0.945002,0.147696,0.578461,1.0,0.457074,0.044894,0.200256,0
decision-reference-0872,0.925413,0.993525,0.663678,0.172882,0.0,0.575241,0.902319,0.353214,1
decision-reference-0873,0.049856,0.562878,0.591224,0.286277,1.0,0.047106,0.598462,0.164344,0
decision-reference-0874,0.848996,0.553006,0.179853,0.589573,0.0,0.520545,0.030299,0.363211,1
decision-reference-0875,0.840778,0.985303,0.434902,0.529063,1.0,0.652843,0.891592,0.704658,1
decision-reference-0876,0.87322,0.175555,0.146796,0.661185,1.0,0.816518,0.396124,0.084059,1
decision-reference-0877,0.38045,0.908298,0.265031,0.645963,1.0,0.941963,0.199927,0.335624,1
decision-reference-0878,0.88675,0.788508,0.711656,0.09777,0.0,0.568839,0.520441,0.199904,0
decision-reference-0879,0.055661,0.016031,0.47725,0.814061,1.0,0.541268,0.595513,0.611442,0
decision-reference-0880,0.766216,0.229132,0.759013,0.252369,0.0,0.603231,0.926738,0.895431,1
decision-reference-0881,0.003556,0.920221,0.611518,0.811573,1.0,0.365821,0.946955,0.945467,0
decision-reference-0882,0.153115,0.978799,0.8886,0.116833,1.0,0.118981,0.800204,0.297325,0
decision-reference-0883,0.165045,0.897874,0.746276,0.629389,1.0,0.567823,0.661607,0.188179,1
decision-reference-0884,0.750573,0.81699,0.478769,0.829726,1.0,0.197031,0.686364,0.280853,1
decision-reference-0885,0.0854,0.190323,0.032251,0.712165,0.0,0.9228,0.769261,0.363344,0
decision-reference-0886,0.069912,0.357879,0.998336,0.256343,1.0,0.530007,0.829352,0.568804,0
decision-reference-0887,0.955263,0.687228,0.154505,0.67757,1.0,0.862371,0.837564,0.467536,1
decision-reference-0888,0.00617,0.77484,0.073856,0.166981,1.0,0.620509,0.15828,0.648528,0
decision-reference-0889,0.228135,0.189681,0.451944,0.748329,1.0,0.33694,0.798823,0.951898,0
decision-reference-0890,0.601987,0.247831,0.294286,0.170658,1.0,0.603502,0.841305,0.981774,1
decision-reference-0891,0.056046,0.32685,0.525622,0.272099,1.0,0.763217,0.353288,0.240842,0
decision-reference-0892,0.920716,0.749332,0.186977,0.410064,1.0,0.162205,0.654847,0.895933,1
decision-reference-0893,0.495897,0.403023,0.998626,0.166058,1.0,0.166539,0.373761,0.822939,0
decision-reference-0894,0.703008,0.938033,0.534179,0.924586,1.0,0.097867,0.203156,0.431416,1
decision-reference-0895,0.261647,0.363473,0.131151,0.403853,0.0,0.437732,0.152889,0.519247,0
decision-reference-0896,0.722718,0.387671,0.700037,0.375875,1.0,0.559887,0.622457,0.082798,1
decision-reference-0897,0.048305,0.681062,0.279802,0.662243,1.0,0.245387,0.327062,0.887686,0
decision-reference-0898,0.30071,0.515409,0.546121,0.567586,1.0,0.401778,0.279152,0.868091,0
decision-reference-0899,0.008148,0.730114,0.92545,0.88441,1.0,0.807514,0.83374,0.968784,1
decision-reference-0900,0.334508,0.650874,0.181813,0.747261,1.0,0.572726,0.504568,0.756969,1
decision-reference-0901,0.254666,0.482325,0.439984,0.221392,1.0,0.657075,0.108072,0.279318,0
decision-reference-0902,0.960849,0.885664,0.844578,0.706707,1.0,0.631421,0.189142,0.677364,1
decision-reference-0903,0.505626,0.778334,0.929517,0.699056,1.0,0.983291,0.838771,0.347877,1
decision-reference-0904,0.561643,0.816007,0.13822,0.67101,1.0,0.631143,0.036688,0.044892,0
decision-reference-0905,0.507851,0.35404,0.868042,0.692849,1.0,0.225382,0.639318,0.305469,1
decision-reference-0906,0.09986,0.979939,0.515642,0.844728,1.0,0.888671,0.88614,0.001279,1
decision-reference-0907,0.775636,0.39559,0.473456,0.951086,1.0,0.967609,0.774117,0.07626,1
decision-reference-0908,0.770103,0.031226,0.292576,0.014709,1.0,0.580182,0.132663,0.861982,0
decision-reference-0909,0.967325,0.719343,0.472825,0.417738,1.0,0.523783,0.675889,0.448378,1
decision-reference-0910,0.561494,0.017609,0.240468,0.91379,0.0,0.810055,0.369204,0.607331,1
decision-reference-0911,0.330452,0.969475,0.595305,0.842044,1.0,0.988751,0.07183,0.417123,1
decision-reference-0912,0.890937,0.773538,0.58079,0.851838,1.0,0.832537,0.931259,0.431516,1
decision-reference-0913,0.538026,0.119204,0.913859,0.637664,1.0,0.372071,0.901532,0.376778,1
decision-reference-0914,0.862564,0.374137,0.013811,0.433202,0.0,0.705868,0.775339,0.629651,1
decision-reference-0915,0.053772,0.986506,0.214432,0.100458,1.0,0.949476,0.293524,0.0517,0
decision-reference-0916,0.79946,0.604699,0.268044,0.497194,1.0,0.675962,0.27883,0.191409,1
decision-reference-0917,0.310485,0.516761,0.553967,0.011572,1.0,0.154844,0.955051,0.969158,0
decision-reference-0918,0.058786,0.297554,0.919017,0.19466,1.0,0.592973,0.95868,0.525523,0
decision-reference-0919,0.537258,0.054971,0.968193,0.871911,1.0,0.316549,0.962837,0.434283,1
decision-reference-0920,0.211508,0.216707,0.999088,0.818788,0.0,0.672293,0.494147,0.577446,0
decision-reference-0921,0.071083,0.983024,0.320487,0.031485,1.0,0.897321,0.461666,0.301654,0
decision-reference-0922,0.640198,0.37617,0.614134,0.276328,1.0,0.000395,0.62738,0.776164,1
decision-reference-0923,0.191357,0.868005,0.152817,0.404779,1.0,0.446484,0.852014,0.597145,0
decision-reference-0924,0.627412,0.087096,0.42588,0.031033,1.0,0.304347,0.493159,0.623062,0
decision-reference-0925,0.979413,0.685183,0.899213,0.177963,1.0,0.492453,0.856737,0.276852,1
decision-reference-0926,0.838981,0.67316,0.988176,0.385445,1.0,0.959001,0.199688,0.190183,1
decision-reference-0927,0.099159,0.071885,0.058853,0.496603,1.0,0.107363,0.350682,0.380375,0
decision-reference-0928,0.451864,0.611487,0.329867,0.25196,0.0,0.60824,0.704563,0.000527,0
decision-reference-0929,0.892833,0.605174,0.737537,0.844306,1.0,0.110088,0.373276,0.449222,1
decision-reference-0930,0.811316,0.955463,0.301759,0.611274,1.0,0.692652,0.775105,0.287769,1
decision-reference-0931,0.517624,0.263997,0.787103,0.9657,1.0,0.515922,0.482035,0.246995,1
decision-reference-0932,0.687479,0.801729,0.300713,0.246636,1.0,0.258887,0.56534,0.123715,1
decision-reference-0933,0.896005,0.495657,0.377109,0.729707,1.0,0.758092,0.632964,0.782124,1
decision-reference-0934,0.297947,0.958588,0.119205,0.586068,1.0,0.120742,0.769991,0.846614,0
decision-reference-0935,0.055277,0.364234,0.032045,0.099953,1.0,0.969054,0.917536,0.214294,0
decision-reference-0936,0.803696,0.615545,0.261115,0.088193,1.0,0.160704,0.314459,0.699826,0
decision-reference-0937,0.560535,0.902224,0.481332,0.594464,0.0,0.174225,0.106454,0.755532,0
decision-reference-0938,0.324761,0.850702,0.198464,0.782677,1.0,0.992607,0.060738,0.443212,1
decision-reference-0939,0.413908,0.840718,0.025096,0.274951,1.0,0.73177,0.350342,0.153222,0
decision-reference-0940,0.289723,0.428854,0.402404,0.307729,0.0,0.470899,0.31196,0.495621,0
decision-reference-0941,0.333003,0.869563,0.357507,0.805496,1.0,0.845249,0.286901,0.0171,1
decision-reference-0942,0.29048,0.587339,0.355751,0.659416,1.0,0.89897,0.55685,0.839869,1
decision-reference-0943,0.027033,0.998912,0.666992,0.186501,1.0,0.472362,0.598042,0.213767,1
decision-reference-0944,0.722298,0.281852,0.23204,0.559107,1.0,0.71432,0.935895,0.733356,1
decision-reference-0945,0.555636,0.401732,0.058082,0.200763,1.0,0.55462,0.191266,0.610995,0
decision-reference-0946,0.432641,0.793816,0.508726,0.421723,0.0,0.547253,0.415451,0.936862,0
decision-reference-0947,0.17951,0.190204,0.49857,0.628734,1.0,0.566376,0.348391,0.575582,0
decision-reference-0948,0.128336,0.263159,0.466991,0.485437,1.0,0.784516,0.285366,0.477002,1
decision-reference-0949,0.626988,0.102956,0.333167,0.589753,1.0,0.224688,0.257981,0.116132,0
decision-reference-0950,0.37641,0.993963,0.483129,0.841889,1.0,0.755562,0.962671,0.424348,1
decision-reference-0951,0.781987,0.746107,0.951447,0.559148,0.0,0.631802,0.523385,0.677228,1
decision-reference-0952,0.252969,0.528432,0.216062,0.599108,0.0,0.408777,0.855905,0.062922,0
decision-reference-0953,0.082335,0.659711,0.231617,0.954986,1.0,0.993883,0.576768,0.09876,0
decision-reference-0954,0.250587,0.637863,0.116145,0.310278,1.0,0.033366,0.272071,0.2354,0
decision-reference-0955,0.738958,0.762444,0.924064,0.038736,1.0,0.758054,0.668566,0.259153,1
decision-reference-0956,0.851057,0.109666,0.163724,0.627431,1.0,0.628785,0.136037,0.595442,1
decision-reference-0957,0.697377,0.013645,0.476687,0.323565,1.0,0.958271,0.062141,0.697191,0
decision-reference-0958,0.294881,0.966307,0.731338,0.152927,1.0,0.347325,0.399849,0.484575,1
decision-reference-0959,0.872567,0.793497,0.961358,0.473279,0.0,0.257941,0.288366,0.915934,1
decision-reference-0960,0.694243,0.688703,0.41181,0.507992,1.0,0.256816,0.761619,0.810483,1
decision-reference-0961,0.097956,0.343493,0.907006,0.51086,0.0,0.200791,0.613142,0.472785,0
decision-reference-0962,0.87353,0.593318,0.467648,0.684301,0.0,0.941622,0.564179,0.438269,1
decision-reference-0963,0.130023,0.888132,0.031927,0.961873,1.0,0.124869,0.187316,0.192242,0
decision-reference-0964,0.151212,0.496889,0.577468,0.714661,1.0,0.763611,0.627318,0.172482,1
decision-reference-0965,0.754684,0.236183,0.091759,0.748868,1.0,0.763589,0.412012,0.634945,1
decision-reference-0966,0.891307,0.8177,0.213811,0.770865,0.0,0.294865,0.433775,0.199532,1
decision-reference-0967,0.860489,0.909335,0.485325,0.31671,1.0,0.997027,0.992704,0.57297,1
decision-reference-0968,0.698273,0.662673,0.238065,0.341081,0.0,0.646023,0.915843,0.125794,0
decision-reference-0969,0.661474,0.376086,0.132249,0.170786,1.0,0.773825,0.702227,0.321225,1
decision-reference-0970,0.008528,0.232629,0.054371,0.485966,0.0,0.740365,0.715816,0.780439,0
decision-reference-0971,0.08143,0.121314,0.690494,0.804319,0.0,0.571718,0.475285,0.096935,0
decision-reference-0972,0.777686,0.805337,0.898537,0.857893,1.0,0.209748,0.382634,0.251218,1
decision-reference-0973,0.495271,0.427124,0.990113,0.384481,0.0,0.671594,0.031944,0.90152,0
decision-reference-0974,0.454212,0.792133,0.86661,0.965779,1.0,0.65525,0.915845,0.934961,1
decision-reference-0975,0.187888,0.298071,0.894501,0.748605,1.0,0.260496,0.186477,0.308923,0
decision-reference-0976,0.400257,0.214956,0.922198,0.71412,0.0,0.443904,0.321748,0.51589,0
decision-reference-0977,0.157544,0.178595,0.243375,0.593199,1.0,0.320822,0.236388,0.112969,0
decision-reference-0978,0.520126,0.851761,0.271013,0.472375,1.0,0.837091,0.021239,0.676449,1
decision-reference-0979,0.897723,0.04283,0.001461,0.892364,1.0,0.945741,0.220116,0.506909,1
decision-reference-0980,0.016724,0.121505,0.163848,0.419012,1.0,0.095098,0.269895,0.657446,0
decision-reference-0981,0.128836,0.657508,0.241136,0.404098,1.0,0.427062,0.986682,0.047414,0
decision-reference-0982,0.314744,0.041811,0.070106,0.938846,1.0,0.541212,0.769753,0.01918,0
decision-reference-0983,0.944405,0.065579,0.965755,0.277688,1.0,0.427573,0.505911,0.985176,1
decision-reference-0984,0.039892,0.300148,0.488882,0.62816,1.0,0.449277,0.154766,0.337843,0
decision-reference-0985,0.673112,0.034362,0.524253,0.938385,1.0,0.61119,0.014699,0.504983,1
decision-reference-0986,0.58812,0.214731,0.037368,0.768752,0.0,0.914468,0.434981,0.703754,0
decision-reference-0987,0.227946,0.818176,0.186045,0.821392,1.0,0.175181,0.822099,0.800367,1
decision-reference-0988,0.864336,0.433955,0.26888,0.664059,1.0,0.54223,0.137541,0.176417,1
decision-reference-0989,0.431978,0.074728,0.211373,0.760467,1.0,0.919565,0.820631,0.31203,1
decision-reference-0990,0.660933,0.126303,0.360192,0.810622,1.0,0.651811,0.302138,0.982945,1
decision-reference-0991,0.036824,0.341758,0.907723,0.357117,1.0,0.29195,0.609523,0.769424,0
decision-reference-0992,0.576657,0.352092,0.112782,0.413793,1.0,0.726656,0.988396,0.213543,1
decision-reference-0993,0.689921,0.270455,0.259128,0.102133,1.0,0.155022,0.752458,0.854001,0
decision-reference-0994,0.781877,0.564155,0.372353,0.397333,1.0,0.953596,0.763142,0.280097,1
decision-reference-0995,0.57772,0.609178,0.313876,0.280486,1.0,0.613501,0.28926,0.391697,1
decision-reference-0996,0.73486,0.801576,0.99023,0.276004,1.0,0.178322,0.238623,0.002434,1
decision-reference-0997,0.776408,0.069735,0.953678,0.064407,1.0,0.47747,0.80517,0.161332,0
decision-reference-0998,0.301202,0.946819,0.405013,0.637332,1.0,0.34294,0.427016,0.338136,1
decision-reference-0999,0.477799,0.91297,0.105561,0.148066,1.0,0.692583,0.4516,0.658644,1
decision-reference-1000,0.892033,0.599277,0.638058,0.921063,1.0,0.48085,0.61248,0.952307,1
decision-reference-1001,0.49118,0.688068,0.215072,0.710937,1.0,0.992772,0.859879,0.180997,1
decision-reference-1002,0.101719,0.628397,0.122951,0.604943,1.0,0.747619,0.885337,0.719762,1
decision-reference-1003,0.657625,0.602914,0.788628,0.526544,1.0,0.446124,0.580075,0.196026,1
decision-reference-1004,0.933763,0.645397,0.944052,0.860066,1.0,0.433565,0.995289,0.508946,1
decision-reference-1005,0.925306,0.106151,0.466342,0.196166,1.0,0.844914,0.550722,0.51438,1
decision-reference-1006,0.162262,0.889448,0.341874,0.779678,1.0,0.346552,0.430583,0.598272,1
decision-reference-1007,0.828839,0.532862,0.110293,0.905876,0.0,0.359035,0.332824,0.625347,1
decision-reference-1008,0.105286,0.058341,0.654246,0.341791,1.0,0.674035,0.754448,0.90068,0
decision-reference-1009,0.528263,0.282304,0.818127,0.255852,1.0,0.410772,0.411769,0.067656,0
decision-reference-1010,0.973721,0.627222,0.678614,0.697776,1.0,0.853325,0.851744,0.119164,1
decision-reference-1011,0.331366,0.439294,0.179796,0.452208,1.0,0.766069,0.136416,0.021292,0
decision-reference-1012,0.675156,0.252335,0.367122,0.564999,0.0,0.543023,0.079231,0.458339,0
decision-reference-1013,0.61625,0.457654,0.201629,0.546938,0.0,0.992968,0.375312,0.328505,0
decision-reference-1014,0.643526,0.007386,0.750936,0.117782,1.0,0.610712,0.018374,0.960372,0
decision-reference-1015,0.9354,0.334845,0.906275,0.680178,1.0,0.032407,0.194749,0.847416,1
decision-reference-1016,0.780525,0.740398,0.365873,0.23144,1.0,0.260114,0.007909,0.294233,0
decision-reference-1017,0.738651,0.319833,0.518931,0.451342,1.0,0.724992,0.462866,0.46188,1
decision-reference-1018,0.079973,0.28746,0.642705,0.538073,1.0,0.241599,0.890117,0.832506,0
decision-reference-1019,0.717684,0.241169,0.513848,0.016147,1.0,0.522644,0.439419,0.006663,0
decision-reference-1020,0.835131,0.96542,0.114784,0.164696,1.0,0.377257,0.069787,0.663285,0
decision-reference-1021,0.189785,0.849692,0.176506,0.392679,1.0,0.610711,0.315016,0.201008,1
decision-reference-1022,0.7565,0.195449,0.045562,0.210926,1.0,0.749307,0.638114,0.965483,0
decision-reference-1023,0.927271,0.103711,0.563036,0.896662,1.0,0.138643,0.492185,0.72728,1
decision-reference-1024,0.24068,0.58528,0.047631,0.548612,1.0,0.998791,0.78536,0.161781,1
decision-reference-1025,0.849415,0.767903,0.526105,0.347574,1.0,0.817772,0.206098,0.27747,1
decision-reference-1026,0.645715,0.797224,0.793346,0.91763,1.0,0.813649,0.012403,0.208764,1
decision-reference-1027,0.312102,0.219521,0.333216,0.986323,1.0,0.70434,0.993642,0.085889,1
decision-reference-1028,0.888287,0.218059,0.046828,0.334731,1.0,0.148113,0.987581,0.213111,0
decision-reference-1029,0.006164,0.775535,0.032592,0.715035,0.0,0.886356,0.928891,0.477153,0
decision-reference-1030,0.955349,0.707401,0.225389,0.506958,1.0,0.034345,0.729227,0.941513,1
decision-reference-1031,0.076847,0.781639,0.310916,0.544205,1.0,0.44159,0.474891,0.739704,1
decision-reference-1032,0.150703,0.859048,0.275845,0.189374,1.0,0.026313,0.033423,0.509362,0
decision-reference-1033,0.762548,0.892762,0.727761,0.414844,1.0,0.596121,0.796695,0.248304,1
decision-reference-1034,0.188278,0.020288,0.594897,0.682209,1.0,0.566131,0.709536,0.906597,0
decision-reference-1035,0.183159,0.424786,0.50144,0.76862,0.0,0.043861,0.97247,0.391463,0
decision-reference-1036,0.00679,0.308189,0.301807,0.336444,1.0,0.911243,0.322614,0.470295,0
decision-reference-1037,0.14758,0.634334,0.805982,0.886118,1.0,0.122509,0.68927,0.73695,1
decision-reference-1038,0.236096,0.621248,0.399121,0.070294,1.0,0.589925,0.861761,0.265361,0
decision-reference-1039,0.774756,0.408103,0.194087,0.813203,1.0,0.387038,0.170205,0.361366,1
decision-reference-1040,0.469609,0.299057,0.682827,0.204055,1.0,0.210659,0.206397,0.926804,0
decision-reference-1041,0.381464,0.16759,0.411779,0.507753,1.0,0.147396,0.287858,0.309619,0
decision-reference-1042,0.10962,0.560706,0.932211,0.882661,1.0,0.759196,0.484557,0.324966,1
decision-reference-1043,0.194641,0.045167,0.557499,0.05543,0.0,0.923105,0.437869,0.990491,0
decision-reference-1044,0.599276,0.123319,0.831065,0.55179,1.0,0.358994,0.462411,0.066751,1
decision-reference-1045,0.901281,0.066848,0.986548,0.812842,1.0,0.913115,0.581851,0.281428,1
decision-reference-1046,0.756505,0.249996,0.246087,0.602144,1.0,0.266546,0.525166,0.303689,0
decision-reference-1047,0.300315,0.622554,0.033356,0.238821,1.0,0.29309,0.525724,0.479607,0
decision-reference-1048,0.484852,0.953968,0.912425,0.09295,1.0,0.129032,0.658808,0.51274,1
decision-reference-1049,0.283859,0.752057,0.4235,0.867896,1.0,0.136902,0.706989,0.693105,1
decision-reference-1050,0.857741,0.765874,0.93601,0.183184,1.0,0.279615,0.042189,0.996076,1
decision-reference-1051,0.586311,0.801249,0.83043,0.326439,1.0,0.96527,0.932255,0.376521,1
decision-reference-1052,0.526053,0.746898,0.738278,0.181023,1.0,0.759194,0.786015,0.592987,1
decision-reference-1053,0.376213,0.1104,0.848203,0.528785,1.0,0.490238,0.404377,0.537242,1
decision-reference-1054,0.301974,0.638853,0.767794,0.705136,1.0,0.519769,0.185365,0.425706,1
decision-reference-1055,0.951806,0.292728,0.202497,0.013711,1.0,0.388236,0.971091,0.257769,1
decision-reference-1056,0.393028,0.594915,0.645042,0.461106,1.0,0.036879,0.17195,0.105695,0
decision-reference-1057,0.918037,0.906901,0.87249,0.226013,0.0,0.352322,0.220099,0.058344,0
decision-reference-1058,0.965264,0.251194,0.776162,0.550131,1.0,0.84153,0.061366,0.235883,1
decision-reference-1059,0.072875,0.704116,0.105229,0.192259,1.0,0.316041,0.693685,0.14883,0
decision-reference-1060,0.392332,0.800134,0.598417,0.000751,1.0,0.400216,0.171157,0.628988,0
decision-reference-1061,0.886136,0.478039,0.016111,0.247278,0.0,0.190017,0.520786,0.168954,0
decision-reference-1062,0.144556,0.626008,0.161622,0.242648,1.0,0.612308,0.596345,0.101873,0
decision-reference-1063,0.019884,0.99405,0.844575,0.980552,0.0,0.349002,0.151267,0.212384,0
decision-reference-1064,0.830032,0.627125,0.951207,0.243678,1.0,0.694131,0.529801,0.470317,1
decision-reference-1065,0.265743,0.783108,0.701156,0.323408,1.0,0.798477,0.847484,0.44868,1
decision-reference-1066,0.146355,0.916886,0.025636,0.93625,1.0,0.819814,0.105748,0.34329,1
decision-reference-1067,0.476278,0.145003,0.029664,0.815644,1.0,0.114019,0.75535,0.865838,1
decision-reference-1068,0.620964,0.51513,0.008757,0.450819,1.0,0.069958,0.758704,0.519653,1
decision-reference-1069,0.036837,0.263953,0.762207,0.058342,1.0,0.292733,0.139945,0.540403,0
decision-reference-1070,0.359888,0.863902,0.737438,0.582378,1.0,0.335698,0.823287,0.67744,1
decision-reference-1071,0.688174,0.828584,0.297336,0.073249,1.0,0.32574,0.565848,0.03547,1
decision-reference-1072,0.855024,0.548357,0.77942,0.247674,0.0,0.299363,0.372294,0.810163,0
decision-reference-1073,0.737712,0.076124,0.853396,0.212305,1.0,0.766995,0.611298,0.216769,1
decision-reference-1074,0.939735,0.676698,0.819979,0.775288,0.0,0.854291,0.713039,0.528106,1
decision-reference-1075,0.87335,0.190905,0.919094,0.937163,0.0,0.167669,0.119439,0.701279,1
decision-reference-1076,0.108414,0.452908,0.911931,0.183953,1.0,0.206716,0.371009,0.865888,0
decision-reference-1077,0.501117,0.75677,0.776809,0.34626,1.0,0.462852,0.521245,0.956136,1
decision-reference-1078,0.976222,0.126636,0.831883,0.185206,1.0,0.166523,0.202083,0.808853,1
decision-reference-1079,0.802562,0.802056,0.884421,0.977101,1.0,0.909791,0.031062,0.444277,1
decision-reference-1080,0.020307,0.426141,0.646657,0.944189,1.0,0.472921,0.866803,0.933871,1
decision-reference-1081,0.308508,0.401943,0.723092,0.906348,1.0,0.642564,0.695341,0.252373,1
decision-reference-1082,0.771077,0.823694,0.821336,0.101127,1.0,0.794814,0.003371,0.502535,1
decision-reference-1083,0.86745,0.494396,0.864058,0.590882,1.0,0.629765,0.33853,0.874667,1
decision-reference-1084,0.391246,0.95414,0.378215,0.222766,1.0,0.164785,0.223592,0.908189,1
decision-reference-1085,0.411515,0.963211,0.899744,0.50248,1.0,0.516138,0.394924,0.503591,1
decision-reference-1086,0.163774,0.38247,0.334893,0.609168,0.0,0.801423,0.282687,0.733329,0
decision-reference-1087,0.236583,0.00835,0.445884,0.46825,1.0,0.97074,0.378479,0.483542,0
decision-reference-1088,0.630733,0.878896,0.659548,0.581096,1.0,0.894545,0.413009,0.513213,1
decision-reference-1089,0.024813,0.801665,0.713805,0.380616,1.0,0.731443,0.342022,0.355211,1
decision-reference-1090,0.358505,0.520936,0.584397,0.066576,1.0,0.176806,0.252349,0.550547,0
decision-reference-1091,0.671742,0.453578,0.686906,0.318535,1.0,0.633011,0.392514,0.37907,0
decision-reference-1092,0.169454,0.673625,0.710906,0.926951,1.0,0.9231,0.126169,0.519406,1
decision-reference-1093,0.517637,0.976957,0.025676,0.40072,1.0,0.294552,0.322492,0.885118,1
decision-reference-1094,0.644568,0.731143,0.531336,0.672595,1.0,0.660028,0.643611,0.946794,1
decision-reference-1095,0.437411,0.00374,0.639422,0.365449,0.0,0.958048,0.741956,0.67661,0
decision-reference-1096,0.872491,0.787064,0.004566,0.019711,1.0,0.773626,0.195332,0.199894,1
decision-reference-1097,0.324086,0.831157,0.732431,0.284232,0.0,0.319677,0.486667,0.914054,0
decision-reference-1098,0.889394,0.145323,0.624338,0.43857,1.0,0.124378,0.444719,0.499199,1
decision-reference-1099,0.752062,0.422483,0.031046,0.495643,1.0,0.522276,0.229688,0.365103,0
decision-reference-1100,0.709994,0.932134,0.982737,0.682846,1.0,0.540279,0.835137,0.17009,1
decision-reference-1101,0.465583,0.282922,0.250784,0.261139,1.0,0.362888,0.418518,0.03677,0
decision-reference-1102,0.415524,0.662791,0.70142,0.014261,1.0,0.574272,0.729389,0.649721,1
decision-reference-1103,0.222399,0.054056,0.927453,0.273837,1.0,0.495237,0.289683,0.594598,0
decision-reference-1104,0.812709,0.623119,0.900291,0.620655,1.0,0.58323,0.614708,0.718834,1
decision-reference-1105,0.643989,0.673053,0.807115,0.581474,1.0,0.024645,0.919927,0.298998,1
decision-reference-1106,0.071245,0.095936,0.219642,0.693141,1.0,0.903793,0.866979,0.182198,1
decision-reference-1107,0.795821,0.054334,0.208551,0.261357,1.0,0.734471,0.47128,0.731908,0
decision-reference-1108,0.337186,0.925825,0.820992,0.734177,1.0,0.157039,0.375665,0.650898,1
decision-reference-1109,0.90773,0.282554,0.526739,0.262473,1.0,0.751154,0.633459,0.712253,1
decision-reference-1110,0.699362,0.458516,0.607261,0.975084,1.0,0.649413,0.335075,0.474648,1
decision-reference-1111,0.83674,0.288035,0.519731,0.766752,1.0,0.821678,0.65859,0.752832,1
decision-reference-1112,0.09104,0.263337,0.971412,0.125484,1.0,0.374105,0.834389,0.146292,0
decision-reference-1113,0.529125,0.517575,0.513211,0.113879,1.0,0.766335,0.895111,0.527585,1
decision-reference-1114,0.322006,0.575859,0.755466,0.274932,1.0,0.493337,0.53143,0.942011,1
decision-reference-1115,0.314241,0.477704,0.261774,0.531854,0.0,0.456419,0.532282,0.410762,0
decision-reference-1116,0.864108,0.066293,0.567125,0.448077,1.0,0.875837,0.914462,0.465593,1
decision-reference-1117,0.289879,0.860637,0.073774,0.680858,1.0,0.118292,0.237915,0.962707,1
decision-reference-1118,0.212291,0.957358,0.692381,0.673355,1.0,0.77957,0.997273,0.141792,1
decision-reference-1119,0.15271,0.410412,0.902141,0.408233,0.0,0.118011,0.336888,0.66356,0
decision-reference-1120,0.775423,0.20917,0.489547,0.013637,1.0,0.716853,0.397148,0.915032,1
decision-reference-1121,0.424794,0.719887,0.720985,0.624961,1.0,0.639513,0.926495,0.801782,1
decision-reference-1122,0.916635,0.712478,0.037098,0.689273,0.0,0.391338,0.785937,0.865341,1
decision-reference-1123,0.115474,0.381935,0.680624,0.12235,1.0,0.145869,0.482647,0.450221,0
decision-reference-1124,0.402478,0.550372,0.543133,0.709623,1.0,0.028838,0.598965,0.952424,1
decision-reference-1125,0.941387,0.854414,0.710858,0.463941,1.0,0.049875,0.932969,0.248694,1
decision-reference-1126,0.644609,0.775607,0.212206,0.698763,0.0,0.882574,0.335636,0.993749,1
decision-reference-1127,0.003874,0.098001,0.531011,0.460457,1.0,0.890152,0.980645,0.330093,0
decision-reference-1128,0.629049,0.97732,0.89029,0.987744,1.0,0.018834,0.977374,0.288142,1
decision-reference-1129,7.5e-05,0.466613,0.785838,0.222463,1.0,0.95777,0.883003,0.278378,0
decision-reference-1130,0.878351,0.889096,0.254564,0.266257,1.0,0.046532,0.593744,0.147018,1
decision-reference-1131,0.933393,0.543738,0.575679,0.446853,1.0,0.185512,0.396141,0.870971,1
decision-reference-1132,0.53048,0.217794,0.27702,0.860951,0.0,0.345324,0.803491,0.361687,0
decision-reference-1133,0.625535,0.062944,0.52041,0.695811,1.0,0.169973,0.57681,0.098683,0
decision-reference-1134,0.201391,0.325684,0.399581,0.146729,1.0,0.964976,0.353744,0.405245,0
decision-reference-1135,0.900735,0.194176,0.447379,0.948304,1.0,0.688909,0.889745,0.407226,1
decision-reference-1136,0.428365,0.769026,0.563152,0.655699,1.0,0.050398,0.830023,0.489266,0
decision-reference-1137,0.677793,0.598495,0.483105,0.618405,0.0,0.469885,0.880316,0.15556,1
decision-reference-1138,0.874382,0.735824,0.534751,0.93938,0.0,0.009555,0.94501,0.340341,1
decision-reference-1139,0.00057,0.69802,0.882359,0.35372,1.0,0.292044,0.564847,0.923729,1
decision-reference-1140,0.094847,0.291966,0.533522,0.414908,1.0,0.429101,0.586103,0.320412,0
decision-reference-1141,0.241026,0.416573,0.488214,0.89383,1.0,0.535378,0.776287,0.23459,1
decision-reference-1142,0.394963,0.016667,0.502909,0.728779,0.0,0.567147,0.481737,0.431866,0
decision-reference-1143,0.311032,0.794377,0.465503,0.34667,1.0,0.942696,0.623858,0.336539,1
decision-reference-1144,0.202092,0.62396,0.810226,0.652711,1.0,0.962152,0.414537,0.397148,1
decision-reference-1145,0.759294,0.533233,0.504643,0.271049,1.0,0.591706,0.956743,0.719712,1
decision-reference-1146,0.522667,0.460927,0.130451,0.236875,1.0,0.317042,0.06478,0.07824,0
decision-reference-1147,0.206668,0.186623,0.445219,0.578583,1.0,0.962127,0.716219,0.097606,1
decision-reference-1148,0.732707,0.314307,0.817035,0.290344,0.0,0.031552,0.778486,0.797848,0
decision-reference-1149,0.47478,0.042092,0.104096,0.118494,1.0,0.232276,0.960812,0.575977,0
decision-reference-1150,0.36094,0.418363,0.781889,0.715299,1.0,0.325063,0.800689,0.007174,1
decision-reference-1151,0.712691,0.825221,0.274361,0.954451,1.0,0.41258,0.882351,0.67875,1
decision-reference-1152,0.19368,0.151889,0.829243,0.060008,1.0,0.68591,0.642663,0.634885,0
decision-reference-1153,0.305625,0.623866,0.916437,0.463964,1.0,0.720252,0.473355,0.073252,1
decision-reference-1154,0.278838,0.801429,0.839854,0.721278,1.0,0.485021,0.298163,0.354199,1
decision-reference-1155,0.449531,0.873057,0.767861,0.139038,1.0,0.848587,0.852166,0.474555,1
decision-reference-1156,0.663528,0.835309,0.519151,0.928698,1.0,0.206552,0.842131,0.613671,1
decision-reference-1157,0.862861,0.14034,0.040195,0.314351,1.0,0.322775,0.130948,0.014792,0
decision-reference-1158,0.782752,0.771436,0.666579,0.646084,1.0,0.144687,0.219037,0.268752,1
decision-reference-1159,0.119236,0.158632,0.225562,0.420123,1.0,0.409942,0.296263,0.519719,0
decision-reference-1160,0.705689,0.431501,0.783492,0.400968,0.0,0.848459,0.770355,0.136429,1
decision-reference-1161,0.490517,0.72508,0.571384,0.038311,1.0,0.021056,0.476289,0.870407,0
decision-reference-1162,0.122714,0.189136,0.521561,0.700457,1.0,0.106509,0.478248,0.436467,0
decision-reference-1163,0.346058,0.057692,0.049095,0.556232,1.0,0.51613,0.53944,0.122793,0
decision-reference-1164,0.013537,0.928629,0.781646,0.420806,1.0,0.067557,0.208139,0.147747,0
decision-reference-1165,0.698364,0.941234,0.025911,0.08889,1.0,0.940548,0.216696,0.742515,1
decision-reference-1166,0.774833,0.448094,0.694478,0.586646,1.0,0.110116,0.985606,0.87009,1
decision-reference-1167,0.516055,0.061307,0.52839,0.683678,1.0,0.943544,0.034102,0.249337,1
decision-reference-1168,0.557744,0.879796,0.68489,0.897661,1.0,0.908381,0.702036,0.437634,1
decision-reference-1169,0.251152,0.925594,0.12228,0.002065,1.0,0.689417,0.273553,0.981725,0
decision-reference-1170,0.866012,0.597278,0.222315,0.930103,1.0,0.697354,0.893917,0.204343,1
decision-reference-1171,0.555264,0.351187,0.879991,0.570692,1.0,0.981441,0.679511,0.563321,1
decision-reference-1172,0.611912,0.629274,0.976943,0.649638,0.0,0.347114,0.02599,0.274576,1
decision-reference-1173,0.247748,0.839026,0.262926,0.841726,1.0,0.540532,0.846206,0.281589,1
decision-reference-1174,0.915779,0.992106,0.160225,0.858545,1.0,0.527867,0.020274,0.419729,1
decision-reference-1175,0.945985,0.611027,0.46877,0.393301,1.0,0.681147,0.922338,0.904194,1
decision-reference-1176,0.598031,0.733388,0.129091,0.216029,1.0,0.282656,0.647451,0.980583,1
decision-reference-1177,0.312588,0.77546,0.44375,0.864262,1.0,0.879377,0.565224,0.728572,1
decision-reference-1178,0.725648,0.544901,0.338145,0.486686,1.0,0.49627,0.812446,0.503855,1
decision-reference-1179,0.214794,0.867384,0.399432,0.452277,0.0,0.957703,0.678691,0.56246,0
decision-reference-1180,0.685528,0.322142,0.623296,0.813383,1.0,0.934049,0.013401,0.30096,1
decision-reference-1181,0.887389,0.588653,0.814506,0.401275,1.0,0.262197,0.278452,0.964715,1
decision-reference-1182,0.852481,0.294394,0.205529,0.377509,1.0,0.907823,0.186487,0.557155,1
decision-reference-1183,0.447732,0.527645,0.197246,0.154686,0.0,0.832771,0.435304,0.051002,0
decision-reference-1184,0.114558,0.45231,0.21613,0.806801,0.0,0.356958,0.648549,0.378985,0
decision-reference-1185,0.384485,0.575444,0.301603,0.065281,1.0,0.618693,0.634846,0.844515,1
decision-reference-1186,0.02193,0.347767,0.641153,0.958502,1.0,0.057341,0.761899,0.067126,0
decision-reference-1187,0.474105,0.576516,0.26351,0.160676,1.0,0.477355,0.511049,0.254598,1
decision-reference-1188,0.792711,0.825634,0.134463,0.586348,1.0,0.837402,0.371654,0.407606,1
decision-reference-1189,0.137404,0.445672,0.130738,0.579832,1.0,0.657023,0.963314,0.966546,1
decision-reference-1190,0.469323,0.398002,0.745783,0.195641,1.0,0.390578,0.613471,0.283516,1
decision-reference-1191,0.112024,0.248815,0.550709,0.141973,1.0,0.941046,0.285807,0.250321,0
decision-reference-1192,0.179883,0.730183,0.354599,0.714614,0.0,0.569023,0.183845,0.177913,0
decision-reference-1193,0.490239,0.711772,0.135484,0.165131,1.0,0.188056,0.03287,0.448758,0
decision-reference-1194,0.741658,0.756166,0.612352,0.757762,1.0,0.224367,0.611968,0.975257,1
decision-reference-1195,0.397665,0.955653,0.454191,0.306299,1.0,0.013412,0.496358,0.083055,0
decision-reference-1196,0.779074,0.468271,0.334151,0.230083,1.0,0.664634,0.113581,0.397268,1
decision-reference-1197,0.840747,0.395048,0.34932,0.079526,1.0,0.156209,0.973703,0.850389,1
decision-reference-1198,0.255265,0.467221,0.869751,0.845623,1.0,0.057717,0.213368,0.694351,1
decision-reference-1199,0.599475,0.352629,0.296746,0.533935,1.0,0.729941,0.837606,0.179124,1
decision-reference-1200,0.475791,0.165812,0.208771,0.978628,1.0,0.27086,0.951566,0.637951,1
