{
  "schema_version": "st_gnn_normalization/v2",
  "computed_from_split": "train",
  "node_mean": [
    -248.38107000827281,
    -182.88814940173145,
    -1500.0,
    5.636666042828012,
    0.004759585201065099,
    0.002102628913438968,
    0.0,
    0.9503547075782564,
    1.0
  ],
  "node_std": [
    7008.230764859793,
    8159.532557641754,
    1024.6950765959598,
    1.9482694840131216,
    0.6592276295939135,
    0.7519254333832921,
    1e-06,
    0.004196445313021434,
    1e-06
  ],
  "edge_mean": [
    30558.31421650479,
    -0.01715084388330722,
    0.03663956661989519,
    -0.00038459939779883,
    0.0563570526641054,
    0.051870579804051256,
    0.0,
    0.6180210722955988
  ],
  "edge_std": [
    17369.862992953673,
    0.6881966567072914,
    0.7243954392429542,
    0.47321593252008004,
    0.8791418634836157,
    2.485268734519361,
    1e-06,
    0.21712328741691928
  ]
}
