{
  "schema_version": "st_gnn_evaluation/v2",
  "test_manifest": "data/processed/v2_release/aircraft/aircraft-test-manifest.json",
  "st_gnn": {
    "ade_m": 318.6798095703125,
    "fde_m": 654.17919921875,
    "rmse_m": 854.3287353515625,
    "by_horizon": {
      "10": {
        "ade_m": 125.22605895996094,
        "fde_m": 125.22605895996094
      },
      "20": {
        "ade_m": 203.3968505859375,
        "fde_m": 203.3968505859375
      },
      "30": {
        "ade_m": 291.9171447753906,
        "fde_m": 291.9171447753906
      },
      "60": {
        "ade_m": 654.17919921875,
        "fde_m": 654.17919921875
      }
    },
    "sample_count": 448589,
    "coverage_90": 0.902648080982815,
    "uncertainty_calibration": {
      "schema_version": "st_gnn_uncertainty_calibration/v1",
      "method": "global_sigma_scale_from_validation_quantile",
      "target_coverage": 0.9,
      "coverage_before": 0.969080574290878,
      "coverage_after": 0.8999998946796365,
      "sigma_scale": 0.4607918450844166,
      "calibration_manifest": "data/processed/v2_release/aircraft/aircraft-validation-manifest.json",
      "checkpoint": "checkpoints/aircraft-kaggle-v1/best.ckpt",
      "sample_count": 474742,
      "safety_boundary": "Uncertainty calibration only; trajectory coordinates are unchanged."
    }
  },
  "baselines": {
    "last_position": {
      "ade_m": 3176.025146484375,
      "fde_m": 6279.83056640625,
      "rmse_m": 4712.404296875,
      "by_horizon": {
        "10": {
          "ade_m": 1077.76513671875,
          "fde_m": 1077.76513671875
        },
        "20": {
          "ade_m": 2145.810791015625,
          "fde_m": 2145.810791015625
        },
        "30": {
          "ade_m": 3200.69482421875,
          "fde_m": 3200.69482421875
        },
        "60": {
          "ade_m": 6279.83056640625,
          "fde_m": 6279.83056640625
        }
      },
      "sample_count": 448589
    },
    "constant_velocity": {
      "ade_m": 395.30584716796875,
      "fde_m": 860.908447265625,
      "rmse_m": 930.2057495117188,
      "by_horizon": {
        "10": {
          "ade_m": 130.98521423339844,
          "fde_m": 130.98521423339844
        },
        "20": {
          "ade_m": 234.384521484375,
          "fde_m": 234.384521484375
        },
        "30": {
          "ade_m": 354.9453430175781,
          "fde_m": 354.9453430175781
        },
        "60": {
          "ade_m": 860.908447265625,
          "fde_m": 860.908447265625
        }
      },
      "sample_count": 448589
    },
    "constant_acceleration": {
      "ade_m": 407.1766662597656,
      "fde_m": 899.781005859375,
      "rmse_m": 944.0618286132812,
      "by_horizon": {
        "10": {
          "ade_m": 131.16209411621094,
          "fde_m": 131.16209411621094
        },
        "20": {
          "ade_m": 236.33160400390625,
          "fde_m": 236.33160400390625
        },
        "30": {
          "ade_m": 361.43182373046875,
          "fde_m": 361.43182373046875
        },
        "60": {
          "ade_m": 899.781005859375,
          "fde_m": 899.781005859375
        }
      },
      "sample_count": 448589
    },
    "coordinated_turn": {
      "ade_m": 403.8358154296875,
      "fde_m": 908.44775390625,
      "rmse_m": 927.7028198242188,
      "by_horizon": {
        "10": {
          "ade_m": 127.85302734375,
          "fde_m": 127.85302734375
        },
        "20": {
          "ade_m": 227.76649475097656,
          "fde_m": 227.76649475097656
        },
        "30": {
          "ade_m": 351.2760009765625,
          "fde_m": 351.2760009765625
        },
        "60": {
          "ade_m": 908.44775390625,
          "fde_m": 908.44775390625
        }
      },
      "sample_count": 448589
    },
    "imm": {
      "ade_m": 370.39544677734375,
      "fde_m": 801.9701538085938,
      "rmse_m": 875.8695068359375,
      "by_horizon": {
        "10": {
          "ade_m": 127.34193420410156,
          "fde_m": 127.34193420410156
        },
        "20": {
          "ade_m": 221.5245361328125,
          "fde_m": 221.5245361328125
        },
        "30": {
          "ade_m": 330.7451477050781,
          "fde_m": 330.7451477050781
        },
        "60": {
          "ade_m": 801.9701538085938,
          "fde_m": 801.9701538085938
        }
      },
      "sample_count": 448589
    }
  },
  "gru_only": {
    "status": "not_provided"
  },
  "stratified": {
    "by_source": {
      "opensky": {
        "ade_m": 266.02630615234375,
        "fde_m": 557.6304321289062,
        "rmse_m": 1132.6199951171875,
        "by_horizon": {
          "10": {
            "ade_m": 91.05712890625,
            "fde_m": 91.05712890625
          },
          "20": {
            "ade_m": 166.4733123779297,
            "fde_m": 166.4733123779297
          },
          "30": {
            "ade_m": 248.9443817138672,
            "fde_m": 248.9443817138672
          },
          "60": {
            "ade_m": 557.6304321289062,
            "fde_m": 557.6304321289062
          }
        },
        "sample_count": 110799
      },
      "tartanaviation_raw_adsb": {
        "ade_m": 335.9507751464844,
        "fde_m": 685.8483276367188,
        "rmse_m": 740.6101684570312,
        "by_horizon": {
          "10": {
            "ade_m": 136.433837890625,
            "fde_m": 136.433837890625
          },
          "20": {
            "ade_m": 215.50820922851562,
            "fde_m": 215.50820922851562
          },
          "30": {
            "ade_m": 306.0126953125,
            "fde_m": 306.0126953125
          },
          "60": {
            "ade_m": 685.8483276367188,
            "fde_m": 685.8483276367188
          }
        },
        "sample_count": 337790
      }
    },
    "by_graph_density": {
      "dense": {
        "ade_m": 257.2257385253906,
        "fde_m": 588.741943359375,
        "rmse_m": 614.1663208007812,
        "by_horizon": {
          "10": {
            "ade_m": 73.1734390258789,
            "fde_m": 73.1734390258789
          },
          "20": {
            "ade_m": 138.2848663330078,
            "fde_m": 138.2848663330078
          },
          "30": {
            "ade_m": 228.70277404785156,
            "fde_m": 228.70277404785156
          },
          "60": {
            "ade_m": 588.741943359375,
            "fde_m": 588.741943359375
          }
        },
        "sample_count": 14311
      },
      "medium": {
        "ade_m": 254.53526306152344,
        "fde_m": 558.009765625,
        "rmse_m": 822.9937133789062,
        "by_horizon": {
          "10": {
            "ade_m": 80.8323745727539,
            "fde_m": 80.8323745727539
          },
          "20": {
            "ade_m": 148.24684143066406,
            "fde_m": 148.24684143066406
          },
          "30": {
            "ade_m": 231.0520477294922,
            "fde_m": 231.0520477294922
          },
          "60": {
            "ade_m": 558.009765625,
            "fde_m": 558.009765625
          }
        },
        "sample_count": 243343
      },
      "sparse": {
        "ade_m": 405.0368957519531,
        "fde_m": 781.64990234375,
        "rmse_m": 907.3570556640625,
        "by_horizon": {
          "10": {
            "ade_m": 185.70640563964844,
            "fde_m": 185.70640563964844
          },
          "20": {
            "ade_m": 278.5647888183594,
            "fde_m": 278.5647888183594
          },
          "30": {
            "ade_m": 374.2265930175781,
            "fde_m": 374.2265930175781
          },
          "60": {
            "ade_m": 781.64990234375,
            "fde_m": 781.64990234375
          }
        },
        "sample_count": 190935
      }
    },
    "seen_unseen_target": {
      "status": "train_manifest_not_provided"
    }
  },
  "release_gate": {
    "passed": true,
    "strongest_physical_baseline": "imm",
    "strongest_ade_baseline": "imm",
    "strongest_fde_baseline": "imm",
    "ade_improvement": 0.13962276711819066,
    "fde_improvement": 0.184284856347805,